model,dataset,n_windows,mse,under_rate,amp_base,amp_oracle,gap,ci95_lo,ci95_hi,notes,status,reason
bolt_base,LOOP_SEATTLE/5T,323,4.293986916078971,0.3606166150670795,1.0480218423439616,0.9891240173052613,-0.058897825038700224,-0.061567787947640826,-0.05622786212975962,,ok,
bolt_base,LOOP_SEATTLE/D,323,1.1409474043824348,0.4333397832817337,1.0150457284543952,0.9946679875477665,-0.020377740906628694,-0.02131883685423534,-0.01943664495902205,,ok,
bolt_base,LOOP_SEATTLE/H,323,6.283909897000125,0.4505611455108359,0.9677376853568452,0.9754853369024905,0.007747651545645273,0.006243001582511103,0.009252301508779443,,ok,
bolt_base,M_DENSE/D,30,0.8497967678484327,0.5864583333333333,0.826615140166421,0.8475930490664988,0.02097790890007778,0.01295995309700201,0.02899586470315355,,ok,
bolt_base,M_DENSE/H,30,0.5305589573858321,0.36875,0.9942559115339805,0.8961675763182214,-0.0980883352157591,-0.10354983427782546,-0.09262683615369274,,ok,
bolt_base,SZ_TAXI/15T,156,7.84794181903634,0.3938969017094017,0.6084294459071532,0.6781873171569346,0.06975787124978139,0.06622433253918297,0.0732914099603798,,ok,
bolt_base,SZ_TAXI/H,156,1.9663655409610656,0.47108707264957267,0.9498204749082279,0.9244979952411928,-0.025322479667035047,-0.029325353568821166,-0.02131960576524893,,ok,
bolt_base,bitbrains_fast_storage/5T,2092,111098.21553622997,0.5047203632887189,0.0632986292715828,0.06339618054268602,9.755127110322448e-05,8.339116872740244e-05,0.00011171137347904652,,ok,
bolt_base,bitbrains_fast_storage/H,2178,39.2734961150076,0.5529776936026936,0.9803116144530627,0.9779714897375333,-0.002340124715529357,-0.0032252257029584575,-0.0014550237281002565,,ok,
bolt_base,bitbrains_rnd/5T,902,829.1089455411137,0.5445537694013304,0.7074087898440542,0.7046336605821371,-0.002775129261917142,-0.009035551349286762,0.0034852928254524773,nan_heavy,ok,
bolt_base,bitbrains_rnd/H,918,578.5037288208692,0.5734272875816994,0.8111404334668157,0.8156262150397493,0.004485781572933556,0.0036477189076174104,0.0053238442382497015,nan_heavy,ok,
bolt_base,bizitobs_application,40,1035.857301896271,0.4596354166666667,0.8666388563872124,0.9329711502856244,0.066332293898412,0.0464478244536502,0.0862167633431738,multi_window,ok,
bolt_base,bizitobs_l2c/5T,110,7.68533476413953,0.5479166666666667,0.9948081598292959,0.9983960712247658,0.0035879113954698783,0.0020949277232897006,0.005080895067650056,multi_window,ok,
bolt_base,bizitobs_l2c/H,140,4.658938123851841,0.3607142857142857,1.3781027195691662,0.7579727071418834,-0.6201300124272828,-0.6419861776947523,-0.5982738471598134,multi_window,ok,
bolt_base,bizitobs_service,38,3176211.2547371,0.5389254385964912,0.11953999113948986,0.11997378375310863,0.0004337926136187692,0.00036619330307329016,0.0005013919241642482,,ok,
bolt_base,covid_deaths,218,1598.505137055118,0.7466551987767585,0.1667248283614951,0.17608118086649122,0.009356352504996113,0.008630868578037791,0.010081836431954434,heavy_tail,ok,
bolt_base,electricity/15T,368,0.8637720488029444,0.44301970108695654,0.9932511733487605,0.9878435255698517,-0.005407647778908786,-0.006586457383922031,-0.004228838173895542,nan_heavy,ok,
bolt_base,electricity/D,369,7.156721397127378,0.5763888888888888,1.056447290472535,0.956701356617258,-0.09974593385527708,-0.10349739006603972,-0.09599447764451444,nan_heavy,ok,
bolt_base,electricity/H,368,0.8696903027032353,0.5104449728260869,0.9900183624568055,0.9931539937659718,0.0031356313091662757,0.002042736177992172,0.004228526440340379,nan_heavy,ok,
bolt_base,electricity/W,337,3.2952555778064214,0.4550259643916914,0.9360801095702865,0.9261364401460327,-0.009943669424253843,-0.015590746285648906,-0.00429659256285878,nan_heavy,ok,
bolt_base,ett1/15T,140,1.7572579335994405,0.46703869047619045,1.020978660302684,0.9283718130550828,-0.09260684724760126,-0.10021753282244654,-0.08499616167275599,multi_window,ok,
bolt_base,ett1/D,42,5.713169928412,0.41195436507936506,0.815387810382172,0.6883218930657302,-0.1270659173164418,-0.14082705869139395,-0.11330477594148962,multi_window,ok,
bolt_base,ett1/H,140,1.1815340288079397,0.48020833333333335,0.932007380439701,0.9027633880125286,-0.02924399242717235,-0.03748980850842851,-0.02099817634591619,multi_window,ok,
bolt_base,ett2/15T,140,1.503433439072761,0.4583333333333333,1.0143644276460606,0.9889923918326368,-0.025372035813423843,-0.027804033033136555,-0.022940038593711132,multi_window,ok,
bolt_base,ett2/D,42,23.674016911784296,0.5471230158730159,0.6399775066816554,0.6512751603476143,0.011297653665958918,-0.002924468967241984,0.02551977629915982,multi_window,ok,
bolt_base,ett2/H,140,1.4423932955214778,0.46197916666666666,0.9767136966136415,0.9876396276791699,0.010925931065528416,0.007583601149317728,0.014268260981739105,multi_window,ok,
bolt_base,hierarchical_sales/D,118,2.0946070424893968,0.4752824858757062,0.3940783609853746,0.3769009475957369,-0.017177413389637686,-0.01850433015084946,-0.01585049662842591,,ok,
bolt_base,hierarchical_sales/W,118,1.1351638423351524,0.4719279661016949,0.8381470143594358,0.7639084775438147,-0.07423853681562109,-0.07999805751348232,-0.06847901611775986,,ok,
bolt_base,jena_weather,401,84061.8746105697,0.41804343308395675,0.7699129628694416,0.7672981291805752,-0.0026148336888663914,-0.003847053432005097,-0.001382613945727686,multi_window,ok,
bolt_base,jena_weather/10T,401,84061.8746105697,0.41804343308395675,0.7699129628694416,0.7672981291805752,-0.0026148336888663914,-0.003847053432005097,-0.001382613945727686,multi_window,ok,
bolt_base,jena_weather/D,42,10.708058982349833,0.6205357142857143,0.9957257025159163,0.9965477253203134,0.0008220228043971378,-0.00108884921547886,0.0027328948242731355,multi_window,ok,
bolt_base,jena_weather/H,411,11.479401493964122,0.4135492700729927,1.0014159840391443,0.9994613652757479,-0.0019546187633964207,-0.00291078178167814,-0.0009984557451147014,multi_window,ok,
bolt_base,kdd_cup_2018_with_missing/D,256,2.866498360549835,0.4508463541666667,0.3834304993103514,0.36413396676416776,-0.01929653254618363,-0.02017157256588941,-0.018421492526477852,,ok,
bolt_base,kdd_cup_2018_with_missing/H,252,8.905000193143506,0.36255787037037035,0.3625751588888911,0.35080237411880805,-0.011772784770083033,-0.01284138773424096,-0.010704181805925106,nan_heavy,ok,
bolt_base,m4_daily,4013,303448.82248969364,0.4380892308331257,0.04357589405521966,0.04453200248575287,0.0009561084305332104,0.000951661993746827,0.0009605548673195938,,ok,
bolt_base,m4_hourly,414,0.2707769571333247,0.49172202093397743,0.9782167529838948,0.9844173005072209,0.006200547523326105,0.0050894467759835,0.007311648270668711,,ok,
bolt_base,m4_monthly,28944,24.264473025141665,0.4946495099732817,0.9754014391011382,0.9562601675881688,-0.019141271512969404,-0.019594428840439368,-0.01868811418549944,,ok,
bolt_base,m4_quarterly,960,35.48524286669437,0.6590060763888889,1.091661497202993,0.9854751713079188,-0.10618632589507415,-0.10706303220814953,-0.10530961958199878,,ok,
bolt_base,m4_weekly,294,9.975113432255908,0.5392573696145124,0.9784236687071359,0.9913699215461088,0.012946252838972883,0.009406655192747145,0.01648585048519862,,ok,
bolt_base,m4_yearly,61,6.5776920245383055,0.4694330601092896,0.9821160845192737,0.9790231354715135,-0.0030929490477601407,-0.01001072017476276,0.003824822079242479,,ok,
bolt_base,restaurant,795,1.4063572964736437,0.4790749475890985,0.6462964261765156,0.5993403016941463,-0.0469561244823693,-0.048207405249333535,-0.045704843715405064,nan_heavy,ok,
bolt_base,saugeenday/D,20,17.224059291190247,0.359375,0.20675869978833378,0.219416521726234,0.012657821937900215,0.010499136749410828,0.014816507126389603,multi_window,ok,
bolt_base,saugeenday/M,7,0.7498740662254725,0.5446428571428571,0.47132573517089177,0.4540819443285651,-0.01724379084232669,-0.02022358528906434,-0.014263996395589036,multi_window,ok,
bolt_base,saugeenday/W,20,1.49646614487232,0.3880208333333333,0.28929052766094376,0.2853173043078382,-0.0039732233531055705,-0.005466011213934521,-0.0024804354922766197,multi_window,ok,
bolt_base,solar/10T,135,12771.673428540613,0.12669753086419752,0.20471146328042536,0.1981982704296459,-0.006513192850779448,-0.007181287682923693,-0.005845098018635203,,ok,
bolt_base,solar/D,137,3.7470787681292173,0.30603710462287104,0.26089553443103036,0.2595135399534224,-0.0013819944776079507,-0.0016665480621954791,-0.0010974408930204222,,ok,
bolt_base,solar/H,137,0.5326406219585645,0.2677159367396594,1.1072496781434669,1.0802568192836206,-0.026992858859846258,-0.028217125606688535,-0.02576859211300398,,ok,
bolt_base,temperature_rain_with_missing,31846,17.129557896002748,0.6004247001193243,0.40707480357641473,0.4007592496000599,-0.00631555397635486,-0.006384162808223086,-0.006246945144486633,,ok,
bolt_base,us_births/D,20,0.32228063567362547,0.55625,0.9146647822353094,0.9224729218101384,0.007808139574828954,-0.01111629498847247,0.026732574138130377,multi_window,ok,
bolt_base,us_births/W,9,0.6664492567408947,0.45949074074074076,0.9549957839675691,0.9698901486154586,0.014894364647889513,-0.002492896175668523,0.03228162547144755,multi_window,ok,
bolt_mini,LOOP_SEATTLE/5T,323,4.377172850761153,0.3510061919504644,1.045175801166628,0.9893566024870563,-0.055819198679571636,-0.05844084791052434,-0.05319754944861893,,ok,
bolt_mini,LOOP_SEATTLE/D,323,1.1302129493238249,0.4120872033023736,1.0129343506261057,0.9953864159903398,-0.01754793463576587,-0.018352151725198808,-0.016743717546332935,,ok,
bolt_mini,LOOP_SEATTLE/H,323,6.3581895290798185,0.4858423632610939,0.9739693221275607,0.9764186112035945,0.0024492890760338115,0.0009640500771363372,0.003934528074931286,,ok,
bolt_mini,M_DENSE/D,30,0.8361693000446343,0.5722222222222222,0.8421679116808755,0.8522056810521352,0.010037769371259775,0.0015492484996009071,0.018526290242918644,,ok,
bolt_mini,M_DENSE/H,30,0.523741221148095,0.39166666666666666,0.9737250218916677,0.8859129436034678,-0.08781207828819981,-0.09286883878483396,-0.08275531779156567,,ok,
bolt_mini,SZ_TAXI/15T,156,7.946951236783851,0.39015758547008544,0.6082908067631579,0.6761783601550083,0.06788755339185037,0.06454025126201558,0.07123485552168517,,ok,
bolt_mini,SZ_TAXI/H,156,1.9263714059379058,0.4830395299145299,0.9534474264416496,0.9264308859855396,-0.027016540456110016,-0.03141313969023198,-0.02261994122198805,,ok,
bolt_mini,bitbrains_fast_storage/5T,2092,111095.5441045093,0.4961410532186106,0.06323594582569934,0.06333467027571846,9.872445001911367e-05,8.460195484659571e-05,0.00011284694519163164,,ok,
bolt_mini,bitbrains_fast_storage/H,2178,39.26543154146067,0.5510311447811448,0.9800984035409359,0.9779427989699375,-0.002155604570998393,-0.003031177937688415,-0.0012800312043083706,,ok,
bolt_mini,bitbrains_rnd/5T,902,826.7671485151039,0.5338137472283814,0.7063762813271143,0.7046355960286365,-0.0017406852984778176,-0.008010232188197505,0.00452886159124187,nan_heavy,ok,
bolt_mini,bitbrains_rnd/H,918,578.3781778268668,0.5648148148148148,0.8109776907675894,0.8156117556050532,0.004634064837463758,0.0037991590539714136,0.0054689706209561035,nan_heavy,ok,
bolt_mini,bizitobs_application,40,1037.0749686434724,0.4609375,0.8663433986448611,0.9328749561735176,0.06653155752865647,0.046708056906013824,0.08635505815129912,multi_window,ok,
bolt_mini,bizitobs_l2c/5T,110,7.820851085580952,0.565530303030303,0.9946753209192466,0.9985453576275113,0.0038700367082646903,0.0023438458668904585,0.005396227549638922,multi_window,ok,
bolt_mini,bizitobs_l2c/H,140,4.53190093730529,0.3777529761904762,1.3060870454052238,0.7407252255784684,-0.5653618198267554,-0.5849244344696528,-0.5457992051838579,multi_window,ok,
bolt_mini,bizitobs_service,38,3176088.936829405,0.6101973684210527,0.1195793181947818,0.12001545651059783,0.0004361383158160287,0.00036864923348663034,0.000503627398145427,,ok,
bolt_mini,covid_deaths,218,1677.8669524128863,0.717842125382263,0.1346400569617318,0.13982394886860688,0.005183891906875071,0.004736113710331993,0.005631670103418149,heavy_tail,ok,
bolt_mini,electricity/15T,368,0.8783517943586161,0.43478260869565216,0.9958329241147931,0.9877168387020303,-0.008116085412762764,-0.009368752980567482,-0.006863417844958044,nan_heavy,ok,
bolt_mini,electricity/D,369,7.231887556418681,0.5691056910569106,1.0581685614926122,0.9556923946462363,-0.10247616684637584,-0.10621714030742768,-0.098735193385324,nan_heavy,ok,
bolt_mini,electricity/H,368,0.8811917908361829,0.546280570652174,0.9900326126045953,0.9930414040794171,0.0030087914748218036,0.0019480188644404777,0.00406956408520313,nan_heavy,ok,
bolt_mini,electricity/W,337,3.283841072795779,0.45919881305637983,0.9389513123616909,0.9259858164748458,-0.012965495886845146,-0.018308369641276526,-0.007622622132413766,nan_heavy,ok,
bolt_mini,ett1/15T,140,1.7785292082570783,0.4857142857142857,1.0287032828622291,0.9297556921670374,-0.09894759069519177,-0.10760303907637599,-0.09029214231400755,multi_window,ok,
bolt_mini,ett1/D,42,5.772821678898373,0.39657738095238093,0.8089541732066219,0.682907474203739,-0.1260466990028829,-0.13873584672155556,-0.11335755128421023,multi_window,ok,
bolt_mini,ett1/H,140,1.1539038332708336,0.4828125,0.9381160411660524,0.9062929328871524,-0.0318231082789,-0.04072016576790237,-0.022926050789897637,multi_window,ok,
bolt_mini,ett2/15T,140,1.4941465012763209,0.45461309523809523,1.0161414435563383,0.9890325565333031,-0.027108887023035155,-0.02979964935864598,-0.024418124687424332,multi_window,ok,
bolt_mini,ett2/D,42,23.89076072839074,0.5096726190476191,0.646219632730029,0.6529460569758625,0.006726424245833473,-0.007881534664766631,0.02133438315643358,multi_window,ok,
bolt_mini,ett2/H,140,1.4640574802230455,0.46644345238095236,0.9751095947908386,0.9874384787650288,0.012328883974190186,0.008571659181149674,0.016086108767230697,multi_window,ok,
bolt_mini,hierarchical_sales/D,118,2.0974848207297807,0.475194209039548,0.390409994364065,0.3730475377044959,-0.017362456659569092,-0.018556899997050368,-0.016168013322087817,,ok,
bolt_mini,hierarchical_sales/W,118,1.120995792074,0.4753707627118644,0.8314904837756654,0.7621204668798531,-0.06937001689581224,-0.07426881859732723,-0.06447121519429724,,ok,
bolt_mini,jena_weather,401,84071.9499974614,0.46150249376558605,0.7698426110436389,0.7672797427546627,-0.0025628682889762278,-0.0037907717198943504,-0.0013349648580581052,multi_window,ok,
bolt_mini,jena_weather/10T,401,84071.9499974614,0.46150249376558605,0.7698426110436389,0.7672797427546627,-0.0025628682889762278,-0.0037907717198943504,-0.0013349648580581052,multi_window,ok,
bolt_mini,jena_weather/D,42,10.65395285698847,0.6168154761904762,0.9954357099350893,0.9962870131243957,0.0008513031893063738,-0.0010805309220251152,0.002783137300637863,multi_window,ok,
bolt_mini,jena_weather/H,411,8.871218637803238,0.4437601378751014,1.001077757893841,0.9995487297512078,-0.0015290281426332264,-0.0023724047803307374,-0.0006856515049357153,multi_window,ok,
bolt_mini,kdd_cup_2018_with_missing/D,256,2.9307001533095307,0.43310546875,0.39420701007931475,0.37229548695546294,-0.021911523123851806,-0.022855860622346243,-0.02096718562535737,,ok,
bolt_mini,kdd_cup_2018_with_missing/H,252,8.842821114746531,0.37359457671957674,0.3580832143493296,0.34810755783581654,-0.009975656513513065,-0.010959260057473653,-0.008992052969552477,nan_heavy,ok,
bolt_mini,m4_daily,4013,303450.5539369948,0.4307433133981228,0.04357651622253561,0.0445323949010192,0.000955878678483589,0.0009514394192307606,0.0009603179377364175,,ok,
bolt_mini,m4_hourly,414,0.27956126591312014,0.4398902979066023,0.9800881908952307,0.9851082307177725,0.005020039822541844,0.003848554065067976,0.006191525580015712,,ok,
bolt_mini,m4_monthly,28944,24.34259874002472,0.4795697438732265,0.9756083704880795,0.9560516210229005,-0.019556749465178935,-0.01998668488212769,-0.01912681404823018,,ok,
bolt_mini,m4_quarterly,960,34.49273407424459,0.6367078993055556,1.0902716739489253,0.9856497540097576,-0.1046219199391677,-0.10546794348506354,-0.10377589639327185,,ok,
bolt_mini,m4_weekly,294,10.25699968540676,0.5503826530612245,0.9781395381801151,0.9913314854667583,0.01319194728664319,0.009639028600341142,0.01674486597294524,,ok,
bolt_mini,m4_yearly,61,6.579721512049529,0.45952868852459017,0.9889737038033601,0.9801976364081625,-0.008776067395197651,-0.01595832304097957,-0.0015938117494157323,,ok,
bolt_mini,restaurant,795,1.4181751641583626,0.4556341719077568,0.6587641770089325,0.6041976658768853,-0.054566511132047246,-0.05586440813646648,-0.05326861412762801,nan_heavy,ok,
bolt_mini,saugeenday/D,20,16.7443414867387,0.37916666666666665,0.21475306557635987,0.2294491904625419,0.014696124886182022,0.012342813476750248,0.017049436295613795,multi_window,ok,
bolt_mini,saugeenday/M,7,0.7219436032790663,0.5163690476190477,0.5333671393108269,0.5071020003201264,-0.026265138990700487,-0.030373414022553457,-0.022156863958847518,multi_window,ok,
bolt_mini,saugeenday/W,20,1.4571497351700935,0.4140625,0.3003393907906338,0.29517043135216886,-0.0051689594384649595,-0.006856547595991568,-0.003481371280938351,multi_window,ok,
bolt_mini,solar/10T,135,12688.981141072854,0.11905864197530865,0.1823104274712977,0.17789510405356027,-0.004415323417737427,-0.0050143366558507195,-0.0038163101796241336,,ok,
bolt_mini,solar/D,137,3.5178694956423304,0.4547597323600973,0.2632084893056092,0.2614879224355152,-0.0017205668700939758,-0.0020892934017729746,-0.001351840338414977,,ok,
bolt_mini,solar/H,137,0.5565298012625559,0.2906021897810219,1.1129352713401728,1.084810527424168,-0.028124743916004835,-0.029299290407802693,-0.026950197424206977,,ok,
bolt_mini,temperature_rain_with_missing,31846,17.127136358847363,0.5699894937093094,0.4093105467809629,0.4024839690655167,-0.006826577715446203,-0.006899684136357326,-0.006753471294535079,,ok,
bolt_mini,us_births/D,20,0.373668701302525,0.5140625,0.9171504120726182,0.9133442241849427,-0.003806187887675505,-0.020918192493514287,0.013305816718163277,multi_window,ok,
bolt_mini,us_births/W,9,0.6886364319231809,0.41550925925925924,0.9571654024612745,0.9680130846764466,0.010847682215172183,-0.010614941895092569,0.03231030632543694,multi_window,ok,
bolt_small,LOOP_SEATTLE/5T,323,4.343258130345061,0.35210268317853455,1.0489694236445477,0.9891801622282015,-0.05978926141634622,-0.062463608793864055,-0.05711491403882838,,ok,
bolt_small,LOOP_SEATTLE/D,323,1.1206506175254387,0.4289860681114551,1.012637964220699,0.9949629737788452,-0.017674990441853833,-0.018441437033943804,-0.01690854384976386,,ok,
bolt_small,LOOP_SEATTLE/H,323,6.2956791460116355,0.45697884416924667,0.9702390170989332,0.9754244955519681,0.005185478453034853,0.0035110957982810347,0.006859861107788671,,ok,
bolt_small,M_DENSE/D,30,0.7879739380149585,0.6076388888888888,0.8282549333333143,0.8462279166600897,0.017972983326775327,0.010031217840234781,0.025914748813315874,,ok,
bolt_small,M_DENSE/H,30,0.5238292539073794,0.37222222222222223,0.9970440677891228,0.899984957019678,-0.09705911076944485,-0.10241647696276232,-0.09170174457612737,,ok,
bolt_small,SZ_TAXI/15T,156,8.017727616607685,0.3873530982905983,0.6088777885204387,0.6753600284339834,0.06648223991354463,0.06295563747404823,0.07000884235304103,,ok,
bolt_small,SZ_TAXI/H,156,1.9404013886907552,0.4795673076923077,0.9508482491332647,0.9254814514333676,-0.025366797699897137,-0.029510169570652563,-0.02122342582914171,,ok,
bolt_small,bitbrains_fast_storage/5T,2092,111095.47271981822,0.5170291586998088,0.0632696333482763,0.06336824207596357,9.860872768727158e-05,8.450655037248228e-05,0.00011271090500206088,,ok,
bolt_small,bitbrains_fast_storage/H,2178,39.29167205655258,0.558425160697888,0.9801332334215329,0.9779459864914622,-0.002187246930070663,-0.003061944299133534,-0.0013125495610077924,,ok,
bolt_small,bitbrains_rnd/5T,902,828.059299989696,0.5458933850702143,0.7068084167935073,0.7045486234138606,-0.0022597933796466574,-0.008519827099857404,0.004000240340564089,nan_heavy,ok,
bolt_small,bitbrains_rnd/H,918,578.3136748750809,0.5595043572984749,0.8110993925701148,0.8156687746782623,0.004569382108147502,0.003739639700896392,0.005399124515398611,nan_heavy,ok,
bolt_small,bizitobs_application,40,1036.046268206276,0.4671875,0.8665294590418589,0.9330511658720957,0.06652170683023684,0.04668859612419231,0.08635481753628137,multi_window,ok,
bolt_small,bizitobs_l2c/5T,110,7.720853582390326,0.553219696969697,0.9946835045159073,0.9984129025467345,0.00372939803082728,0.002240640681269385,0.005218155380385175,multi_window,ok,
bolt_small,bizitobs_l2c/H,140,4.514017305816936,0.3644345238095238,1.3379843874272705,0.7511363854903772,-0.5868480019368933,-0.6094656467585411,-0.5642303571152456,multi_window,ok,
bolt_small,bizitobs_service,38,3176129.9787426386,0.6222587719298246,0.11957447904781895,0.12000993852863084,0.00043545948081188945,0.00036792452708608306,0.0005029944345376959,,ok,
bolt_small,covid_deaths,218,1634.987549659791,0.7218558868501529,0.15020126605958395,0.1574217953226302,0.007220529263046255,0.006644258850209755,0.007796799675882754,heavy_tail,ok,
bolt_small,electricity/15T,368,0.8941953487360127,0.4168648097826087,0.9950223251156264,0.9869211365201617,-0.008101188595464714,-0.009323353963427495,-0.006879023227501933,nan_heavy,ok,
bolt_small,electricity/D,369,7.339299274882915,0.5701784101174345,1.058581003941603,0.9556603712971408,-0.10292063264446227,-0.10684899578578647,-0.09899226950313808,nan_heavy,ok,
bolt_small,electricity/H,368,0.8741794551895757,0.5167289402173914,0.9897082212791389,0.9931425864717396,0.0034343651926006524,0.0023180387041676492,0.004550691681033656,nan_heavy,ok,
bolt_small,electricity/W,337,3.2548517460480473,0.4469584569732938,0.9337194621964491,0.9263993945913358,-0.0073200676051132785,-0.012631663477254518,-0.0020084717329720394,nan_heavy,ok,
bolt_small,ett1/15T,140,1.7384879967819524,0.4845238095238095,1.0189765953931056,0.9298957243334414,-0.08908087105966422,-0.09759888226483479,-0.08056285985449366,multi_window,ok,
bolt_small,ett1/D,42,5.721757308522701,0.37648809523809523,0.8122767328051012,0.6862180848035715,-0.12605864800152966,-0.13947012206133347,-0.11264717394172585,multi_window,ok,
bolt_small,ett1/H,140,1.1279561120610246,0.47938988095238094,0.9362577237612145,0.9088105326386161,-0.027447191122598413,-0.03518613890571612,-0.01970824333948071,multi_window,ok,
bolt_small,ett2/15T,140,1.5265781801431342,0.4419642857142857,1.0168591181845343,0.989197043521681,-0.02766207466285331,-0.030293566699681376,-0.02503058262602524,multi_window,ok,
bolt_small,ett2/D,42,23.802410510740852,0.5334821428571429,0.6398655847957545,0.6513069389529929,0.011441354157238348,-0.0026950485526321226,0.02557775686710882,multi_window,ok,
bolt_small,ett2/H,140,1.4657326518697995,0.459375,0.9754054003509869,0.9877471009504115,0.012341700599424632,0.008755174919477512,0.01592822627937175,multi_window,ok,
bolt_small,hierarchical_sales/D,118,2.136450836234551,0.4623940677966102,0.4138974805407263,0.38921393851143754,-0.02468354202928874,-0.026268231026069105,-0.023098853032508377,,ok,
bolt_small,hierarchical_sales/W,118,1.1344003211196527,0.4745762711864407,0.8268265600348029,0.7595463307693244,-0.0672802292654785,-0.07218552446616405,-0.062374934064792935,,ok,
bolt_small,jena_weather,401,84070.46787854758,0.46604842061512886,0.7699355642759481,0.7673217240333491,-0.0026138402425990304,-0.0038426320622089597,-0.001385048422989101,multi_window,ok,
bolt_small,jena_weather/10T,401,84070.46787854758,0.46604842061512886,0.7699355642759481,0.7673217240333491,-0.0026138402425990304,-0.0038426320622089597,-0.001385048422989101,multi_window,ok,
bolt_small,jena_weather/D,42,10.820630269366609,0.5766369047619048,0.9957278573217834,0.9964156434177504,0.0006877860959669801,-0.0012890983987894553,0.0026646705907234156,multi_window,ok,
bolt_small,jena_weather/H,411,10.184445461645861,0.43823499594484994,1.0010307835819001,0.9995063299235107,-0.0015244536583893797,-0.002427893160077345,-0.0006210141567014142,multi_window,ok,
bolt_small,kdd_cup_2018_with_missing/D,256,2.9049612269292173,0.4371337890625,0.3919436304281689,0.3713691878188313,-0.02057444260933755,-0.021514483774977954,-0.019634401443697148,,ok,
bolt_small,kdd_cup_2018_with_missing/H,252,8.767868384462494,0.36665013227513227,0.35547263745397356,0.3463887449192892,-0.009083892534684335,-0.010245675820925823,-0.007922109248442846,nan_heavy,ok,
bolt_small,m4_daily,4013,303450.8773068457,0.4399451781709444,0.04358150718741692,0.04453754909420957,0.0009560419067926526,0.0009515949298692372,0.000960488883716068,,ok,
bolt_small,m4_hourly,414,0.2756688099949193,0.44129931561996777,0.9785356877861088,0.9852593636681719,0.006723675882063129,0.005527160601297443,0.007920191162828815,,ok,
bolt_small,m4_monthly,28944,24.34537384107503,0.48795698878293714,0.975239822566447,0.9560934084401854,-0.019146414126261613,-0.019578443242506828,-0.018714385010016397,,ok,
bolt_small,m4_quarterly,960,34.91602269706589,0.6680555555555555,1.0915166591703918,0.9856197621077877,-0.10589689706260408,-0.1067661828454154,-0.10502761127979275,,ok,
bolt_small,m4_weekly,294,10.372989203819204,0.5397888321995464,0.9779279670461963,0.9910667187125869,0.013138751666390558,0.009512566018563321,0.016764937314217795,,ok,
bolt_small,m4_yearly,61,6.604589920119953,0.4380122950819672,0.9837519865591451,0.9793689593308127,-0.004383027228332392,-0.011483065381437361,0.002717010924772577,,ok,
bolt_small,restaurant,795,1.3798211708378314,0.48907232704402515,0.6264911444811709,0.590259141958343,-0.03623200252282799,-0.037385371164571767,-0.03507863388108421,nan_heavy,ok,
bolt_small,saugeenday/D,20,16.883099068227715,0.40625,0.21534280600921568,0.2289995622713188,0.013656756262103109,0.011319045461527608,0.01599446706267861,multi_window,ok,
bolt_small,saugeenday/M,7,0.7079487805142621,0.5252976190476191,0.5302269547653818,0.5074380052098002,-0.02278894955558164,-0.02680867755903782,-0.01876922155212546,multi_window,ok,
bolt_small,saugeenday/W,20,1.4769405332821168,0.39427083333333335,0.30218408351893244,0.2971883137243612,-0.004995769794571225,-0.006663329639912402,-0.003328209949230049,multi_window,ok,
bolt_small,solar/10T,135,12947.786065910588,0.12384259259259259,0.21062811382545651,0.20338763316425515,-0.007240480661201365,-0.00799923987088703,-0.006481721451515701,,ok,
bolt_small,solar/D,137,3.6388828524934262,0.37439172749391725,0.2602458978404716,0.2583800486459934,-0.0018658491944781863,-0.0022385054163090276,-0.0014931929726473448,,ok,
bolt_small,solar/H,137,0.5675780736460196,0.4834245742092457,1.1328916871740833,1.1121916645980114,-0.02070002257607184,-0.021575960578639312,-0.01982408457350437,,ok,
bolt_small,temperature_rain_with_missing,31846,17.139111961139147,0.5926401667399359,0.41079333388102574,0.4034944330980365,-0.007298900782989226,-0.007369200976533168,-0.007228600589445284,,ok,
bolt_small,us_births/D,20,0.3510453808516704,0.5510416666666667,0.9357989674566086,0.9216363508329517,-0.01416261662365692,-0.03412695196141582,0.005801718714101976,multi_window,ok,
bolt_small,us_births/W,9,0.6991889316712651,0.4664351851851852,0.9546530437041206,0.9666336760763269,0.011980632372206257,-0.009886089547098229,0.03384735429151074,multi_window,ok,
bolt_tiny,LOOP_SEATTLE/5T,323,4.292918287278482,0.35003869969040247,1.0430448881230994,0.9895989032663985,-0.05344598485670082,-0.05618128524147027,-0.050710684471931375,,ok,
bolt_tiny,LOOP_SEATTLE/D,323,1.2935865810315996,0.39041537667698656,1.0061677512971843,0.9950984269708961,-0.011069324326288155,-0.012020620028461295,-0.010118028624115014,,ok,
bolt_tiny,LOOP_SEATTLE/H,323,6.095200913244243,0.521704076367389,0.974789044771613,0.9773380118467264,0.0025489670751134286,0.0011868756679574797,0.0039110584822693775,,ok,
bolt_tiny,M_DENSE/D,30,0.833675907072955,0.596875,0.8013700279369145,0.8143383764038876,0.012968348466973145,0.005581892510126206,0.020354804423820084,,ok,
bolt_tiny,M_DENSE/H,30,0.5366290454941838,0.3975694444444444,0.979548408027944,0.8775299731270101,-0.10201843490093387,-0.1077998468593762,-0.09623702294249155,,ok,
bolt_tiny,SZ_TAXI/15T,156,7.977111100144852,0.39416399572649574,0.6006437480096432,0.6705096078970492,0.06986585988740601,0.06667062192317576,0.07306109785163627,,ok,
bolt_tiny,SZ_TAXI/H,156,1.9623491831963646,0.4724893162393162,0.9551122966554989,0.9260253647691334,-0.029086931886365464,-0.03326069818781155,-0.02491316558491938,,ok,
bolt_tiny,bitbrains_fast_storage/5T,2092,111094.15683101414,0.49662404397705545,0.06322744284467181,0.0633264239331936,9.898108852178511e-05,8.483469147612366e-05,0.00011312748556744656,,ok,
bolt_tiny,bitbrains_fast_storage/H,2178,39.25217386869337,0.5464971686562595,0.9803362051408203,0.9779855747147733,-0.0023506304260469957,-0.003224880659792444,-0.0014763801923015473,,ok,
bolt_tiny,bitbrains_rnd/5T,902,826.0178193669286,0.54884977827051,0.7060818075649898,0.7046296897575196,-0.0014521178074702323,-0.007722571075643461,0.0048183354607029966,nan_heavy,ok,
bolt_tiny,bitbrains_rnd/H,918,577.8515026209375,0.5693196259985476,0.8111818638558402,0.8157997849582724,0.004617921102432199,0.00379510458485869,0.0054407376200057075,nan_heavy,ok,
bolt_tiny,bizitobs_application,40,1036.6378733333029,0.4549479166666667,0.8667254324310477,0.9328075374648794,0.06608210503383172,0.0462559478644336,0.08590826220322983,multi_window,ok,
bolt_tiny,bizitobs_l2c/5T,110,8.269910219264514,0.5876893939393939,0.9949835772004453,0.9986320448588613,0.003648467658415977,0.0021808549841317686,0.005116080332700185,multi_window,ok,
bolt_tiny,bizitobs_l2c/H,140,4.496949206266855,0.4244047619047619,1.3097551811098094,0.7389012773205335,-0.5708539037892759,-0.5915925229822238,-0.5501152845963281,multi_window,ok,
bolt_tiny,bizitobs_service,38,3176104.8144793995,0.6557017543859649,0.1195662349779321,0.12000267392863147,0.0004364389506993638,0.0003688935376950055,0.000503984363703722,,ok,
bolt_tiny,covid_deaths,218,1683.3851787650028,0.7273987003058104,0.13100970998161338,0.1360688623455637,0.0050591523639503255,0.004640039404328762,0.005478265323571889,heavy_tail,ok,
bolt_tiny,electricity/15T,368,0.8633282222286403,0.43868885869565216,0.9941075066029589,0.9875573023685235,-0.0065502042344354194,-0.0079012284955022,-0.005199179973368639,nan_heavy,ok,
bolt_tiny,electricity/D,369,7.110762679321745,0.5806515356820234,1.0532555431396984,0.9563161735714185,-0.09693936956827987,-0.10070902173622878,-0.09316971740033095,nan_heavy,ok,
bolt_tiny,electricity/H,368,0.8920254371415917,0.5588201992753623,0.9905144283827377,0.9929570100011542,0.002442581618416484,0.0013801280943429165,0.003505035142490051,nan_heavy,ok,
bolt_tiny,electricity/W,337,3.2836327232569635,0.4463093471810089,0.9380919786521293,0.9257313784474359,-0.012360600204693428,-0.017722668472937776,-0.00699853193644908,nan_heavy,ok,
bolt_tiny,ett1/15T,140,1.8752133947431526,0.46190476190476193,1.028749127623201,0.9260050603097723,-0.10274406731342878,-0.11158974332908025,-0.0938983912977773,multi_window,ok,
bolt_tiny,ett1/D,42,5.716726477103759,0.42336309523809523,0.8033661302209261,0.6835285943081195,-0.11983753591280655,-0.1317737580832394,-0.10790131374237368,multi_window,ok,
bolt_tiny,ett1/H,140,1.0660218676718125,0.493452380952381,0.9340792637658812,0.9111795997860964,-0.022899663979784823,-0.030759333599240032,-0.015039994360329613,multi_window,ok,
bolt_tiny,ett2/15T,140,1.5456806702542785,0.43258928571428573,1.0181189689838686,0.9882235621263197,-0.02989540685754888,-0.032451329616528746,-0.027339484098569015,multi_window,ok,
bolt_tiny,ett2/D,42,24.112786084231537,0.5391865079365079,0.6440412455814865,0.6527180077847881,0.008676762203301602,-0.00617585873642874,0.023529383143031945,multi_window,ok,
bolt_tiny,ett2/H,140,1.4811419072626406,0.46688988095238093,0.9755384325851446,0.9872982733854834,0.011759840800338761,0.008070427139089413,0.015449254461588109,multi_window,ok,
bolt_tiny,hierarchical_sales/D,118,2.0445545068833475,0.4777542372881356,0.3745644036301191,0.3630189867568284,-0.011545416873290693,-0.012582052044181743,-0.010508781702399642,,ok,
bolt_tiny,hierarchical_sales/W,118,1.1160570102757241,0.4888771186440678,0.8281153443334782,0.7623159446750423,-0.06579939965843595,-0.07084406897602392,-0.060754730340847975,,ok,
bolt_tiny,jena_weather,401,84072.07027662439,0.4771404821280133,0.7699162675999455,0.7673136259597386,-0.0026026416402068486,-0.0038334441748383453,-0.0013718391055753522,multi_window,ok,
bolt_tiny,jena_weather/10T,401,84072.07027662439,0.4771404821280133,0.7699162675999455,0.7673136259597386,-0.0026026416402068486,-0.0038334441748383453,-0.0013718391055753522,multi_window,ok,
bolt_tiny,jena_weather/D,42,10.789071421025188,0.5860615079365079,0.9948915355600149,0.9964028447007335,0.0015113091407186197,-0.00039982113775891004,0.0034224394191961494,multi_window,ok,
bolt_tiny,jena_weather/H,411,8.167898771582454,0.44373479318734793,1.0006922833206031,0.9995427852468026,-0.0011494980738004923,-0.0019352509486926322,-0.0003637451989083524,multi_window,ok,
bolt_tiny,kdd_cup_2018_with_missing/D,256,2.8522765779330608,0.4556884765625,0.37527784404922,0.3588136733159838,-0.016464170733236194,-0.017285876140567747,-0.01564246532590464,,ok,
bolt_tiny,kdd_cup_2018_with_missing/H,252,8.908784605672091,0.37202380952380953,0.36849520148012493,0.3557048986424586,-0.012790302837666356,-0.013975990489073855,-0.011604615186258858,nan_heavy,ok,
bolt_tiny,m4_daily,4013,303449.90195960423,0.4491989575546142,0.04357298359329629,0.04452891788584321,0.0009559342925469227,0.0009514939608918978,0.0009603746242019477,,ok,
bolt_tiny,m4_hourly,414,0.2824760526816349,0.4904136473429952,0.9799573955445545,0.984334752459994,0.004377356915439501,0.003247855562287211,0.005506858268591791,,ok,
bolt_tiny,m4_monthly,28944,24.31251872580504,0.48510017908144465,0.9758668608635113,0.9561658114032369,-0.0197010494602744,-0.020133651263568034,-0.019268447656980766,,ok,
bolt_tiny,m4_quarterly,960,34.1056089756023,0.6605902777777778,1.0904326868680616,0.9858304838674463,-0.10460220300061529,-0.10547032934173825,-0.10373407665949233,,ok,
bolt_tiny,m4_weekly,294,10.513120678924015,0.5594175170068028,0.9748990059060133,0.9909316231423346,0.016032617236321323,0.01242249466207627,0.019642739810566377,,ok,
bolt_tiny,m4_yearly,61,6.722642456673784,0.43186475409836067,0.9850167958302511,0.9790322769267847,-0.005984518903466407,-0.013373815327067412,0.001404777520134598,,ok,
bolt_tiny,restaurant,795,1.3830900561538584,0.4804769392033543,0.6154531152750348,0.583761062409194,-0.03169205286584076,-0.03287407666224853,-0.030510029069432988,nan_heavy,ok,
bolt_tiny,saugeenday/D,20,16.800009272306706,0.39791666666666664,0.21385299659229,0.2273230141931332,0.013470017600843182,0.01108758311835583,0.015852452083330533,multi_window,ok,
bolt_tiny,saugeenday/M,7,0.7119562228246846,0.5104166666666666,0.5338947424608758,0.5099267290944189,-0.02396801336645682,-0.027097495271596963,-0.020838531461316676,multi_window,ok,
bolt_tiny,saugeenday/W,20,1.4662011274488207,0.4015625,0.30060359766567496,0.294894763193679,-0.005708834471995938,-0.007430219759297816,-0.003987449184694061,multi_window,ok,
bolt_tiny,solar/10T,135,12566.295027082884,0.12762345679012346,0.1659433190942148,0.1624218091689129,-0.0035215099253018967,-0.004030421874943239,-0.0030125979756605546,,ok,
bolt_tiny,solar/D,137,3.2911748334274393,0.5829531630170316,0.3074624769128646,0.30166722616043656,-0.005795250752428038,-0.0061891672771501195,-0.005401334227705957,,ok,
bolt_tiny,solar/H,137,0.5798864370184925,0.46570863746958635,1.1311133650656269,1.1086759285587846,-0.022437436506842268,-0.023426792614429374,-0.02144808039925516,,ok,
bolt_tiny,temperature_rain_with_missing,31846,17.10751420270409,0.5789950726412527,0.40963944572475075,0.40280368231424485,-0.006835763410505902,-0.006905696784302778,-0.006765830036709025,,ok,
bolt_tiny,us_births/D,20,0.5288343435905536,0.5416666666666666,0.8738810959771222,0.8736643376216623,-0.00021675835545986732,-0.01883430013222819,0.018400783421308454,multi_window,ok,
bolt_tiny,us_births/W,9,0.5968377305647276,0.4861111111111111,0.9320690082124699,0.9823478032913858,0.05027879507891597,0.035226943930849686,0.06533064622698226,multi_window,ok,
chronos2,LOOP_SEATTLE/5T,323,4.424567687104617,0.3704205366357069,1.0444766443903488,0.9872910320098345,-0.05718561238051434,-0.05996770253046665,-0.05440352223056203,,ok,
chronos2,LOOP_SEATTLE/D,323,1.0676583320348045,0.49316305469556243,1.0064353868273193,0.994081392176623,-0.01235399465069631,-0.013442821743772204,-0.011265167557620415,,ok,
chronos2,LOOP_SEATTLE/H,323,7.644110693941219,0.29392414860681115,0.9757141853789892,0.9761031050526681,0.0003889196736788225,-0.00120059910972364,0.001978438457081285,,ok,
chronos2,M_DENSE/D,30,0.7563632891064063,0.4329861111111111,0.8629829214034276,0.8833076300059947,0.020324708602567076,0.009684473484016678,0.030964943721117473,,ok,
chronos2,M_DENSE/H,30,0.44195948459665524,0.40868055555555555,0.9536682881883167,0.9126274165933201,-0.041040871594996586,-0.04521208355518779,-0.03686965963480538,,ok,
chronos2,SZ_TAXI/15T,156,7.874340361065519,0.40010683760683763,0.6042915512474893,0.6747932621875977,0.07050171094010838,0.06675712369533014,0.07424629818488661,,ok,
chronos2,SZ_TAXI/H,156,1.9696082992697113,0.47649572649572647,0.9553594330905556,0.9261151292278387,-0.029244303862716925,-0.033888720991689686,-0.024599886733744164,,ok,
chronos2,bitbrains_fast_storage/5T,2092,111103.87388141782,0.47381891332058634,0.06314054251981985,0.06323896133946848,9.841881964862964e-05,8.443597565721496e-05,0.00011240166364004432,,ok,
chronos2,bitbrains_fast_storage/H,2178,39.33240104317033,0.5296478037955311,0.9797329685362963,0.9778963357766616,-0.0018366327596347487,-0.002709036425829971,-0.0009642290934395264,,ok,
chronos2,bitbrains_rnd/5T,902,821.8757994897663,0.5246789541759054,0.7048262840930902,0.7050305019975871,0.00020421790449687283,-0.006096592202747552,0.0065050280117412975,nan_heavy,ok,
chronos2,bitbrains_rnd/H,918,578.7911198333398,0.5277096949891068,0.8109266874289824,0.8155123930694257,0.0045857056404432495,0.0037496774324112065,0.005421733848475292,nan_heavy,ok,
chronos2,bizitobs_application,40,1035.926664504615,0.46432291666666664,0.8653402441832595,0.9325827163097008,0.0672424721264413,0.04739517940534836,0.08708976484753424,multi_window,ok,
chronos2,bizitobs_l2c/5T,110,8.055556913252822,0.5309659090909091,0.9962715286599177,0.9985901564847209,0.0023186278248031877,0.000547737022116927,0.004089518627489449,multi_window,ok,
chronos2,bizitobs_l2c/H,140,4.946717154447721,0.3841517857142857,1.368715469654815,0.7300618136580697,-0.6386536559967453,-0.6607094351535147,-0.6165978768399759,multi_window,ok,
chronos2,bizitobs_service,38,3176090.5952788396,0.5208333333333334,0.1195144074617089,0.11994943337556394,0.00043502591385503886,0.00036842354691363156,0.0005016282807964462,,ok,
chronos2,covid_deaths,218,1802.2468851566357,0.7555905963302753,0.08042679585318986,0.08077751807294174,0.0003507222197518811,0.00018409318369562967,0.0005173512558081326,heavy_tail,ok,
chronos2,electricity/15T,368,0.9433154535560696,0.4365942028985507,0.9906150189322964,0.9845008898796006,-0.006114129052695816,-0.007580202562265388,-0.0046480555431262435,nan_heavy,ok,
chronos2,electricity/D,369,6.452599804826281,0.5745257452574526,1.054446542053699,0.9591633519954932,-0.09528319005820585,-0.09903895379713183,-0.09152742631927986,nan_heavy,ok,
chronos2,electricity/H,368,0.900638171841786,0.5397984601449275,0.9897186976049275,0.9929789643156639,0.003260266710736426,0.0022379150063270353,0.004282618415145816,nan_heavy,ok,
chronos2,electricity/W,337,3.4538852709832746,0.41063921859545005,0.9317074956410764,0.9219528875278117,-0.009754608113264673,-0.014362048933646086,-0.00514716729288326,nan_heavy,ok,
chronos2,ett1/15T,140,2.9311585723027878,0.2921875,0.9809469960449619,0.8914140937720905,-0.08953290227287147,-0.10510427459325064,-0.0739615299524923,multi_window,ok,
chronos2,ett1/D,42,5.888114642366467,0.43253968253968256,0.8110351797695153,0.6824031123659229,-0.12863206740359245,-0.14036968737995448,-0.11689444742723042,multi_window,ok,
chronos2,ett1/H,140,1.0966609389017532,0.46123511904761905,0.9512210709319171,0.9094123032442297,-0.041808767687687376,-0.05068737353075244,-0.03293016184462231,multi_window,ok,
chronos2,ett2/15T,140,1.5870971588296146,0.42477678571428573,1.010450041095346,0.989613610647204,-0.020836430448142096,-0.02352437995521031,-0.01814848094107388,multi_window,ok,
chronos2,ett2/D,42,24.54720927332996,0.47371031746031744,0.6779337573953569,0.6707593682869,-0.007174389108456913,-0.022705370803961004,0.008356592587047176,multi_window,ok,
chronos2,ett2/H,140,1.6864830987481934,0.4244047619047619,0.9790235460338325,0.9875266127400882,0.00850306670625578,0.004208279605319067,0.012797853807192491,multi_window,ok,
chronos2,hierarchical_sales/D,118,2.136943778219442,0.4583333333333333,0.3815746439336182,0.3672021114911362,-0.014372532442481989,-0.01545809739935641,-0.013286967485607568,,ok,
chronos2,hierarchical_sales/W,118,1.1124712236068466,0.4811087570621469,0.8300150171448412,0.7626540710340463,-0.0673609461107949,-0.07251074940102328,-0.062211142820566535,,ok,
chronos2,jena_weather,401,84033.20982921311,0.5512780548628429,0.7698058676220679,0.7673146950592751,-0.002491172562792854,-0.0037247333980924132,-0.0012576117274932942,multi_window,ok,
chronos2,jena_weather/10T,401,84033.20982921311,0.5512780548628429,0.7698058676220679,0.7673146950592751,-0.002491172562792854,-0.0037247333980924132,-0.0012576117274932942,multi_window,ok,
chronos2,jena_weather/D,42,10.755970466581127,0.5238095238095238,0.9958223479369694,0.9961979913821523,0.0003756434451828161,-0.0015238039095172243,0.0022750907998828566,multi_window,ok,
chronos2,jena_weather/H,411,4.5486608255092795,0.495235198702352,1.0010987244080778,0.9994574619394552,-0.0016412624686226174,-0.0019321937480730159,-0.0013503311891722189,multi_window,ok,
chronos2,kdd_cup_2018_with_missing/D,256,3.0036817331351053,0.4095865885416667,0.40827553938000366,0.3831844952503981,-0.025091044129605555,-0.0260935928081924,-0.02408849545101871,,ok,
chronos2,kdd_cup_2018_with_missing/H,252,9.276295081493899,0.3474289021164021,0.4194680942658033,0.39338992486851165,-0.02607816939729163,-0.027187754519660875,-0.024968584274922382,nan_heavy,ok,
chronos2,m4_daily,4013,303449.51999356854,0.43423976243874074,0.043531776166870484,0.044486940867342055,0.000955164700471571,0.0009506503898729772,0.0009596790110701649,,ok,
chronos2,m4_hourly,414,0.30391644699516257,0.5667773752012882,0.9760046079785406,0.9822401583924367,0.006235550413896118,0.004861206478780349,0.007609894349011887,,ok,
chronos2,m4_monthly,28944,24.28181976733239,0.4711623451031878,0.9751651405983174,0.9563620648284532,-0.018803075769864175,-0.019258990488024597,-0.018347161051703753,,ok,
chronos2,m4_quarterly,960,35.47186493761173,0.64521484375,1.0935913302132976,0.9855531807765697,-0.10803814943672785,-0.10898944288039367,-0.10708685599306203,,ok,
chronos2,m4_weekly,294,11.05420618973918,0.5098143424036281,0.9741003236326483,0.9906663609770009,0.01656603734435258,0.012921752596621424,0.020210322092083736,,ok,
chronos2,m4_yearly,61,7.000419278216653,0.4344262295081967,0.9922896336686039,0.9766631134026509,-0.015626520265953014,-0.02317345545853358,-0.008079585073372449,,ok,
chronos2,restaurant,795,1.3743888082430498,0.48189203354297694,0.6513521085025805,0.6085917848976752,-0.04276032360490534,-0.04380205646382645,-0.041718590745984226,nan_heavy,ok,
chronos2,saugeenday/D,20,16.924328454089746,0.32395833333333335,0.2109840768295348,0.22375247443093715,0.01276839760140236,0.01038913547551847,0.015147659727286248,multi_window,ok,
chronos2,saugeenday/M,7,0.6460800245870735,0.5104166666666666,0.6152111818607157,0.5886588175108917,-0.026552364349823998,-0.030725882938628466,-0.02237884576101953,multi_window,ok,
chronos2,saugeenday/W,20,1.4680294215132426,0.3703125,0.31510327364382695,0.3078507237265039,-0.007252549917323048,-0.009199999314368271,-0.005305100520277824,multi_window,ok,
chronos2,solar/10T,135,14695.613834508205,0.18194444444444444,0.4171689539626479,0.35564086503106307,-0.061528088931584846,-0.06534752520429127,-0.05770865265887842,,ok,
chronos2,solar/D,137,3.496179713600647,0.4805352798053528,0.28654787231867895,0.28384344635262226,-0.0027044259660566894,-0.0030611024785064896,-0.002347749453606889,,ok,
chronos2,solar/H,137,0.6605141003331493,0.7207268856447688,1.1702559981515661,1.1264075360582566,-0.043848462093309504,-0.04517693766820784,-0.04251998651841117,,ok,
chronos2,temperature_rain_with_missing,31846,17.146923172211103,0.5875034672067659,0.41831190616987013,0.40942970162639103,-0.0088822045434791,-0.008955333719878908,-0.008809075367079292,,ok,
chronos2,us_births/D,20,0.316818940905832,0.5239583333333333,0.929551741922289,0.9214268672912347,-0.008124874631054269,-0.025564555504988002,0.009314806242879465,multi_window,ok,
chronos2,us_births/W,9,0.7112611028194858,0.3784722222222222,0.9537200862270004,0.9676121778081459,0.01389209158114546,-0.006157190685068276,0.033941373847359194,multi_window,ok,
moirai11_large,LOOP_SEATTLE/5T,323,4.6082596605381365,0.3171439628482972,1.0547660445357325,0.9874742932641422,-0.06729175127159037,-0.07059243894564983,-0.06399106359753091,,ok,
moirai11_large,LOOP_SEATTLE/D,323,1.272250441020685,0.4646542827657379,1.0123170854965071,0.992958269814255,-0.019358815682252173,-0.02065372377738871,-0.018063907587115634,,ok,
moirai11_large,LOOP_SEATTLE/H,323,7.530683458743141,0.3557146542827657,0.9778321914432554,0.9760302269806307,-0.0018019644626247056,-0.0032322430291133273,-0.0003716858961360836,,ok,
moirai11_large,M_DENSE/D,30,1.329539771295913,0.4239583333333333,0.956997550527141,0.8451674597472312,-0.1118300907799098,-0.12329217269709847,-0.10036800886272113,,ok,
moirai11_large,M_DENSE/H,30,1.1942606616875369,0.37604166666666666,0.6364217144096818,0.49808500796757904,-0.13833670644210272,-0.1418739068797768,-0.13479950600442864,,ok,
moirai11_large,SZ_TAXI/15T,156,8.261201022689708,0.32832532051282054,0.6096171703360159,0.6627522058806932,0.053135035544677245,0.049589736436639754,0.056680334652714735,,ok,
moirai11_large,SZ_TAXI/H,156,2.3729290711465922,0.3655849358974359,0.9556412903244824,0.9143801511058817,-0.04126113921860075,-0.04557847083165614,-0.03694380760554536,,ok,
moirai11_large,bitbrains_fast_storage/5T,2092,111089.43096678138,0.40674792861695347,0.06323225367108826,0.06333449322765464,0.00010223955656638029,8.821590075174368e-05,0.00011626321238101689,,ok,
moirai11_large,bitbrains_fast_storage/H,2178,39.47992641077826,0.4246011248852158,0.9807286017188732,0.9778770719244576,-0.002851529794415608,-0.0037283113679546934,-0.001974748220876523,,ok,
moirai11_large,bitbrains_rnd/5T,902,822.1569619244104,0.4337352180339985,0.7052425491036418,0.7051758824770455,-6.666662659626788e-05,-0.006379029228410438,0.006245695975217902,nan_heavy,ok,
moirai11_large,bitbrains_rnd/H,918,578.4096488221054,0.4788035584604212,0.8114534924883091,0.8157366691626529,0.004283176674343747,0.0034389262426168755,0.005127427106070619,nan_heavy,ok,
moirai11_large,bizitobs_application,40,1034.965671709095,0.403125,0.867460615753547,0.9325907879127987,0.06513017215925165,0.045220326631122916,0.0850400176873804,multi_window,ok,
moirai11_large,bizitobs_l2c/5T,110,7.857490428566752,0.4516098484848485,0.994904216668234,0.9985366567486607,0.0036324400804266244,0.001973075565127564,0.005291804595725685,multi_window,ok,
moirai11_large,bizitobs_l2c/H,140,7.745543512791104,0.23995535714285715,1.6303369374557424,0.7222677146442852,-0.9080692228114572,-0.9239485239534444,-0.89218992166947,multi_window,ok,
moirai11_large,bizitobs_service,38,3175834.226776442,0.40597587719298245,0.11956666924207976,0.12000279088987223,0.0004361216477924701,0.00036863960302562686,0.0005036036925593133,,ok,
moirai11_large,covid_deaths,218,1748.9337460888107,0.5673260703363915,0.11106902764801732,0.11158855672778507,0.0005195290797677526,0.0002495794771455972,0.0007894786823899081,heavy_tail,ok,
moirai11_large,electricity/15T,368,2.504911885666316,0.27915534420289856,1.0188914739463606,0.9586212258592232,-0.060270248087137435,-0.06359700742878457,-0.0569434887454903,nan_heavy,ok,
moirai11_large,electricity/D,369,6.686783136731829,0.5490345528455285,1.0594977977797595,0.9579247878698464,-0.10157300990991314,-0.10542416829607595,-0.09772185152375032,nan_heavy,ok,
moirai11_large,electricity/H,368,2.12133745913701,0.3781136775362319,0.991242624027884,0.9863396224721299,-0.004903001555754072,-0.006810719336029952,-0.002995283775478192,nan_heavy,ok,
moirai11_large,electricity/W,337,4.670696240917018,0.3724035608308605,0.9543834120604222,0.9062794655446409,-0.048103946515781315,-0.053321973069560616,-0.042885919962002014,nan_heavy,ok,
moirai11_large,ett1/15T,140,3.196964808605476,0.27001488095238096,1.0268927686549643,0.8951133026776501,-0.13177946597731416,-0.14519436031051539,-0.11836457164411293,multi_window,ok,
moirai11_large,ett1/D,42,6.381266833372173,0.39186507936507936,0.8273808595232426,0.6811617542343121,-0.14621910528893045,-0.15925762968822182,-0.13318058088963908,multi_window,ok,
moirai11_large,ett1/H,140,2.227580974689935,0.34620535714285716,0.968049519709321,0.8539240318213638,-0.11412548788795718,-0.12348467618551734,-0.10476629959039702,multi_window,ok,
moirai11_large,ett2/15T,140,2.299260342044746,0.3223214285714286,1.0251029933376394,0.9845017333163305,-0.04060126002130893,-0.04421726090948205,-0.0369852591331358,multi_window,ok,
moirai11_large,ett2/D,42,25.08686078112497,0.42162698412698413,0.6789540177389716,0.6743936257125115,-0.004560392026460081,-0.019793601212015725,0.010672817159095564,multi_window,ok,
moirai11_large,ett2/H,140,2.1832504008117377,0.36339285714285713,0.9939345214650096,0.9827730190394292,-0.01116150242558045,-0.015190111133993857,-0.007132893717167041,multi_window,ok,
moirai11_large,hierarchical_sales/D,118,2.1446500227783245,0.4262888418079096,0.39810529275672957,0.378490604373122,-0.01961468838360758,-0.020701581923738367,-0.018527794843476796,,ok,
moirai11_large,hierarchical_sales/W,118,1.4212715113225771,0.4450035310734463,0.9317080387437215,0.7646435905878111,-0.16706444815591048,-0.17399736735914514,-0.16013152895267582,,ok,
moirai11_large,jena_weather,401,84073.40842330527,0.40209372402327515,0.7701294088956786,0.7674158223133299,-0.0027135865823486593,-0.003949243531294531,-0.0014779296334027877,multi_window,ok,
moirai11_large,jena_weather/10T,401,84073.28365065945,0.40399002493765584,0.7701366052488117,0.7674178823892011,-0.0027187228596106117,-0.003953982518222582,-0.0014834632009986415,multi_window,ok,
moirai11_large,jena_weather/D,42,10.841541338727499,0.46056547619047616,0.9933299233549608,0.9962609413882839,0.002931018033323074,0.000925126834800337,0.004936909231845811,multi_window,ok,
moirai11_large,jena_weather/H,411,5.864505464973569,0.33419505271695055,1.0023148084662035,0.9992567398871742,-0.0030580685790292383,-0.0033777528019063225,-0.002738384356152154,multi_window,ok,
moirai11_large,kdd_cup_2018_with_missing/D,256,3.134478016444605,0.3731282552083333,0.4580385237914839,0.4112388141591789,-0.04679970963230501,-0.048068492661310094,-0.04553092660329992,,ok,
moirai11_large,kdd_cup_2018_with_missing/H,252,11.681059251274442,0.24503968253968253,0.5590774686759569,0.47396085525644677,-0.0851166134195101,-0.08710545670166871,-0.0831277701373515,nan_heavy,ok,
moirai11_large,m4_daily,4013,303439.5416595343,0.4107873369881219,0.04366507406603755,0.044623283360771,0.0009582092947334545,0.000953773527429082,0.000962645062037827,,ok,
moirai11_large,m4_hourly,414,1.6282637516551342,0.39530495169082125,0.9729346702899504,0.927982752737859,-0.04495191755209138,-0.04705740843865016,-0.0428464266655326,,ok,
moirai11_large,m4_monthly,28944,23.47943963513175,0.4381128932881887,0.9710533821365971,0.9570038350151794,-0.014049547121417705,-0.014513052390067385,-0.013586041852768025,,ok,
moirai11_large,m4_quarterly,960,33.45498949990695,0.6363823784722222,1.0927807175211137,0.985456782838444,-0.10732393468266976,-0.1083666516350945,-0.10628121773024503,,ok,
moirai11_large,m4_weekly,294,12.613688697361823,0.5204081632653061,0.9749018613694377,0.9887191752844243,0.01381731391498664,0.01002919307547195,0.01760543475450133,,ok,
moirai11_large,m4_yearly,61,7.614340888787922,0.40095628415300544,1.016647891209642,0.97586280110177,-0.0407850901078719,-0.048264171759810334,-0.03330600845593347,,ok,
moirai11_large,restaurant,795,1.4590022179518387,0.43210167714884695,0.6696917546145031,0.6083422153747048,-0.061349539239798356,-0.06271865939067883,-0.05998041908891788,nan_heavy,ok,
moirai11_large,saugeenday/D,20,17.506286207844344,0.3390625,0.2074596027444459,0.2185942156257227,0.011134612881276817,0.008977660794857534,0.0132915649676961,multi_window,ok,
moirai11_large,saugeenday/M,7,1.1579728056934742,0.44345238095238093,0.4532430093382557,0.3938450429523602,-0.05939796638589545,-0.06316095221829594,-0.05563498055349495,multi_window,ok,
moirai11_large,saugeenday/W,20,1.6452923372732653,0.31197916666666664,0.2319769089397935,0.23043664280697995,-0.0015402661328135503,-0.0023000240648727924,-0.0007805082007543083,multi_window,ok,
moirai11_large,solar/10T,135,12149.328855205476,0.3483024691358025,0.018443470198944982,0.018522624517389157,7.915431844417523e-05,7.56554798543544e-05,8.265315703399605e-05,,ok,
moirai11_large,solar/D,137,4.134998292819585,0.3478558394160584,0.5532015116932048,0.4662344599950187,-0.08696705169818603,-0.08925437800999285,-0.0846797253863792,,ok,
moirai11_large,solar/H,137,1.350162301395918,0.4777220194647202,0.08625878417220971,0.08564444204916569,-0.0006143421230440232,-0.0006230944820520128,-0.0006055897640360337,,ok,
moirai11_large,temperature_rain_with_missing,31846,16.788645817965875,0.359528080449664,0.4442265473308372,0.4326048457657756,-0.011621701565061593,-0.011712890567069442,-0.011530512563053744,,ok,
moirai11_large,us_births/D,20,0.42074734833340866,0.4817708333333333,0.9433480163521057,0.9103977646321019,-0.032950251720003876,-0.0513203679663512,-0.014580135473656549,multi_window,ok,
moirai11_large,us_births/W,9,2.6891993218436805,0.3125,0.9997675522637383,0.9139446464572997,-0.08582290580643859,-0.1122588716314823,-0.05938693998139488,multi_window,ok,
moirai11_small,LOOP_SEATTLE/5T,323,3.8160670500681926,0.3296891124871001,1.0413568422571498,0.9893214728186435,-0.052035369438506285,-0.05481133512277313,-0.04925940375423944,,ok,
moirai11_small,LOOP_SEATTLE/D,323,1.172259707148693,0.49209881320949433,1.0077058410700606,0.9926800316901675,-0.015025809379893063,-0.015985262290323203,-0.014066356469462922,,ok,
moirai11_small,LOOP_SEATTLE/H,323,7.673181567043539,0.34316950464396284,0.986114276361862,0.9753146199019731,-0.010799656459888896,-0.012365614254707604,-0.009233698665070187,,ok,
moirai11_small,M_DENSE/D,30,1.020970810543798,0.41909722222222223,0.9073220310695704,0.8266216576129244,-0.08070037345664605,-0.09344897210691179,-0.0679517748063803,,ok,
moirai11_small,M_DENSE/H,30,1.2567357787373628,0.3854166666666667,0.7065010374669967,0.5325432060452975,-0.17395783142169918,-0.17715373043412802,-0.17076193240927035,,ok,
moirai11_small,SZ_TAXI/15T,156,7.953693051186954,0.34154647435897434,0.6078379808859491,0.6701772701088233,0.06233928922287424,0.05884261316957064,0.06583596527617784,,ok,
moirai11_small,SZ_TAXI/H,156,2.3230226593770875,0.37546741452991456,0.9599307958518619,0.915288074921382,-0.04464272093047994,-0.04966931837963012,-0.03961612348132976,,ok,
moirai11_small,bitbrains_fast_storage/5T,2092,111095.41618754626,0.40113627310388783,0.06319278165383335,0.06329421109491049,0.00010142944107713325,8.744571007341914e-05,0.00011541317208084736,,ok,
moirai11_small,bitbrains_fast_storage/H,2178,53.68206615729903,0.44765361952861954,0.9881226891985324,0.9707095522232191,-0.017413136975313326,-0.01824753235664837,-0.01657874159397828,,ok,
moirai11_small,bitbrains_rnd/5T,902,822.287672519245,0.45922256097560976,0.7050274033000001,0.705066566678837,3.916337883691501e-05,-0.006252833849609705,0.006331160607283535,nan_heavy,ok,
moirai11_small,bitbrains_rnd/H,918,578.5122620459105,0.5069330973129993,0.8111706663897632,0.8156192344180149,0.004448568028251665,0.003603602435882056,0.0052935336206212736,nan_heavy,ok,
moirai11_small,bizitobs_application,40,1033.8914919028746,0.37942708333333336,0.8651664627856753,0.932369603599087,0.06720314081341172,0.04738521164300461,0.08702106998381884,multi_window,ok,
moirai11_small,bizitobs_l2c/5T,110,7.447585562067186,0.56875,0.995144688320622,0.9986503152823115,0.0035056269616895452,0.0019493343308581205,0.00506191959252097,multi_window,ok,
moirai11_small,bizitobs_l2c/H,140,6.113556086999139,0.30357142857142855,1.4320801833128554,0.7096401543892121,-0.7224400289236432,-0.7399701686808682,-0.7049098891664183,multi_window,ok,
moirai11_small,bizitobs_service,38,3175895.608733365,0.5150767543859649,0.11954540593062593,0.11998271972671308,0.00043731379608714926,0.00037059415087582,0.0005040334412984785,,ok,
moirai11_small,covid_deaths,218,1761.8973523683305,0.4970374617737003,0.10090873425613893,0.10080472371492928,-0.00010401054120964814,-0.00031483479090566307,0.00010681370848636678,heavy_tail,ok,
moirai11_small,electricity/15T,368,2.0223039991705627,0.3270210597826087,1.011567581440405,0.9663685147547106,-0.0451990666856944,-0.0477583747982201,-0.0426397585731687,nan_heavy,ok,
moirai11_small,electricity/D,369,7.223884117756196,0.5447154471544715,1.0611093696050007,0.9570690371117738,-0.10404033249322686,-0.10802090393461401,-0.10005976105183971,nan_heavy,ok,
moirai11_small,electricity/H,368,2.0638212264675455,0.35886548913043476,0.9917890623055573,0.986052649242452,-0.00573641306310535,-0.007416989805516493,-0.0040558363206942075,nan_heavy,ok,
moirai11_small,electricity/W,337,3.678320807512676,0.3799146884272997,0.9616717695200879,0.9200993126807937,-0.041572456839294225,-0.04570941559422999,-0.03743549808435846,nan_heavy,ok,
moirai11_small,ett1/15T,140,3.019301542818454,0.28816964285714286,1.0268865147845003,0.9011621169525126,-0.12572439783198774,-0.1387900168823341,-0.11265877878164138,multi_window,ok,
moirai11_small,ett1/D,42,6.327157249270819,0.41096230158730157,0.8195369962822773,0.6738098010430157,-0.1457271952392616,-0.15683935492177442,-0.13461503555674875,multi_window,ok,
moirai11_small,ett1/H,140,2.400491534782323,0.3090029761904762,0.9172268567417019,0.8344575697904277,-0.08276928695127417,-0.0931128842140614,-0.07242568968848694,multi_window,ok,
moirai11_small,ett2/15T,140,1.9938707887802702,0.3581845238095238,1.026260887036448,0.9866373721874522,-0.039623514848995844,-0.04272791046034961,-0.03651911923764208,multi_window,ok,
moirai11_small,ett2/D,42,25.622757958175253,0.4174107142857143,0.6619649222414018,0.6540757517533745,-0.007889170488027286,-0.02271409899003965,0.0069357580139850755,multi_window,ok,
moirai11_small,ett2/H,140,2.488343347328209,0.3359375,0.9977950737400746,0.9800631231098393,-0.01773195063023525,-0.022447530327020637,-0.013016370933449862,multi_window,ok,
moirai11_small,hierarchical_sales/D,118,2.1744945988902944,0.421875,0.37897370137151754,0.36065666865229995,-0.018317032719217585,-0.019173914871296042,-0.017460150567139128,,ok,
moirai11_small,hierarchical_sales/W,118,1.414461705291337,0.4389124293785311,0.9100753787844769,0.7569697232325601,-0.1531056555519168,-0.158808791434376,-0.14740251966945758,,ok,
moirai11_small,jena_weather,401,84074.33391560249,0.42271924355777224,0.7699384582933961,0.7673016979000667,-0.002636760393329385,-0.003870250784258939,-0.0014032700023998306,multi_window,ok,
moirai11_small,jena_weather/10T,401,84074.25830848215,0.424225893599335,0.7699326759703847,0.7673015232886655,-0.0026311526817192066,-0.0038657971339689005,-0.0013965082294695127,multi_window,ok,
moirai11_small,jena_weather/D,42,10.787284561295632,0.5171130952380952,0.9917897409398617,0.9963398957737768,0.004550154833915077,0.0029570034361375503,0.006143306231692603,multi_window,ok,
moirai11_small,jena_weather/H,411,5.919358054586871,0.32438665855636656,1.00250103522548,0.9993143433895565,-0.003186691835923461,-0.0035300565984562157,-0.002843327073390706,multi_window,ok,
moirai11_small,kdd_cup_2018_with_missing/D,256,3.0447848562797724,0.3797200520833333,0.4030663900440825,0.37433719989976066,-0.028729190144321848,-0.029526151115442503,-0.027932229173201192,,ok,
moirai11_small,kdd_cup_2018_with_missing/H,252,11.752083838966028,0.23660714285714285,0.5817266818904928,0.48343105002543696,-0.09829563186505585,-0.10107166185931318,-0.09551960187079853,nan_heavy,ok,
moirai11_small,m4_daily,4013,303447.6041347188,0.40324933549298114,0.04360533877818596,0.04456176627798384,0.0009564274997978794,0.0009519573617546297,0.0009608976378411291,,ok,
moirai11_small,m4_hourly,414,1.7680276384204516,0.3720058373590982,0.9746405573736381,0.9213013886217898,-0.0533391687518483,-0.05544466394771103,-0.051233673555985564,,ok,
moirai11_small,m4_monthly,28944,24.161271987578893,0.4581728222314354,0.9758007983353953,0.9561472134807326,-0.01965358485466273,-0.02010979326896324,-0.01919737644036222,,ok,
moirai11_small,m4_quarterly,960,32.324126439995865,0.6212565104166666,1.0917229490529825,0.9860259475664478,-0.10569700148653471,-0.10668383350307588,-0.10471016946999355,,ok,
moirai11_small,m4_weekly,294,11.583242675179234,0.5252267573696145,0.9722022850735026,0.989264571383282,0.017062286309779462,0.01358923295589229,0.020535339663666635,,ok,
moirai11_small,m4_yearly,61,7.284584500066819,0.3770491803278688,0.986584343750576,0.9754377153342022,-0.011146628416373816,-0.01930667323408466,-0.002986583598662971,,ok,
moirai11_small,restaurant,795,1.4559267074776705,0.4298087002096436,0.6442494480509233,0.5940428809775633,-0.05020656707336002,-0.051429096477260565,-0.048984037669459475,nan_heavy,ok,
moirai11_small,saugeenday/D,20,17.448224396672934,0.34010416666666665,0.2504887677277832,0.25652416126899724,0.006035393541214018,0.002601573558169398,0.009469213524258637,multi_window,ok,
moirai11_small,saugeenday/M,7,1.3352954188365576,0.41517857142857145,0.22309832943999494,0.21726396016604954,-0.0058343692739454,-0.006604044079595888,-0.005064694468294912,multi_window,ok,
moirai11_small,saugeenday/W,20,1.559738095747953,0.38229166666666664,0.22971282406525934,0.23057104628328817,0.0008582222180288368,6.503219698637472e-06,0.0017099412163590361,multi_window,ok,
moirai11_small,solar/10T,135,12282.190826576769,0.2965277777777778,0.06323167349728936,0.06279000330111098,-0.0004416701961783842,-0.0004733260708050837,-0.00041001432155168474,,ok,
moirai11_small,solar/D,137,3.4524092520469902,0.4333941605839416,0.36182006600982486,0.33869864191007554,-0.02312142409974932,-0.02353936014111263,-0.022703488058386012,,ok,
moirai11_small,solar/H,137,1.334785920999867,0.5781630170316302,0.18141585271705116,0.17579243987256787,-0.005623412844483283,-0.005719039111880868,-0.0055277865770856985,,ok,
moirai11_small,temperature_rain_with_missing,31846,17.237677877703824,0.4519916159015261,0.4337426424162827,0.42088644036803496,-0.012856202048247722,-0.012938674144313204,-0.01277372995218224,,ok,
moirai11_small,us_births/D,20,0.5302690482430069,0.5619791666666667,0.8807349837627058,0.875274810430733,-0.005460173331972795,-0.026918218420831037,0.015997871756885447,multi_window,ok,
moirai11_small,us_births/W,9,3.2609094856251732,0.26967592592592593,1.0237955792558429,0.8877741219199813,-0.13602145733586157,-0.168128041005158,-0.10391487366656516,multi_window,ok,
moirai2_small,LOOP_SEATTLE/5T,323,3.0348053983837318,0.4935500515995872,1.0036802798576365,0.9914582442032065,-0.01222203565443003,-0.013992843382436606,-0.010451227926423454,,ok,
moirai2_small,LOOP_SEATTLE/D,323,0.9960194606814599,0.5002902476780186,1.0115638120839456,0.9948453802566805,-0.01671843182726518,-0.017548919487104388,-0.01588794416742597,,ok,
moirai2_small,LOOP_SEATTLE/H,323,7.1970192491244305,0.37403250773993807,0.9798784385263494,0.9777379735702396,-0.0021404649561097555,-0.0037621088960337343,-0.0005188210161857767,,ok,
moirai2_small,M_DENSE/D,30,0.9373852756341676,0.4829861111111111,0.9159645185429082,0.8778408283677581,-0.03812369017515005,-0.05017459813757712,-0.02607278221272298,,ok,
moirai2_small,M_DENSE/H,30,0.4725912878882027,0.39618055555555554,0.9554579816484058,0.8813970663504062,-0.07406091529799963,-0.07910002235902541,-0.06902180823697385,,ok,
moirai2_small,SZ_TAXI/15T,156,7.864913510189933,0.4013755341880342,0.5907348913548794,0.6676389820886446,0.07690409073376514,0.07383504669100704,0.07997313477652324,,ok,
moirai2_small,SZ_TAXI/H,156,1.910018347225456,0.5002003205128205,0.956183983208625,0.928480111531958,-0.02770387167666699,-0.03171090461938149,-0.023696838733952494,,ok,
moirai2_small,bitbrains_fast_storage/5T,2092,111084.90008513053,0.49771450764818354,0.06319228617197216,0.06329693055514549,0.00010464438317332736,9.061547578255597e-05,0.00011867329056409875,,ok,
moirai2_small,bitbrains_fast_storage/H,2178,39.244574053865364,0.5335887281910009,0.9799734290459835,0.9779714028277129,-0.002002026218270614,-0.002877535107911619,-0.0011265173286296088,,ok,
moirai2_small,bitbrains_rnd/5T,902,821.8442246801039,0.5436876385809313,0.7052753487222424,0.7053036087482093,2.8260025966897473e-05,-0.006277219353408992,0.006333739405342787,nan_heavy,ok,
moirai2_small,bitbrains_rnd/H,918,578.7821715384501,0.5104507080610022,0.8100148417586366,0.8151525356079181,0.005137693849281533,0.004289887791750613,0.005985499906812452,nan_heavy,ok,
moirai2_small,bizitobs_application,40,1033.7159756621463,0.42135416666666664,0.8657093521305458,0.9326792306267656,0.06696987849621983,0.047155485692336505,0.08678427130010315,multi_window,ok,
moirai2_small,bizitobs_l2c/5T,110,7.279145282543296,0.5151515151515151,0.9955676281677839,0.9988989521569035,0.0033313239891196167,0.00171225356491266,0.004950394413326573,multi_window,ok,
moirai2_small,bizitobs_l2c/H,140,2.534192159935073,0.4429315476190476,1.260519423323194,0.8201922903749873,-0.4403271329482067,-0.4745868593989049,-0.4060674064975085,multi_window,ok,
moirai2_small,bizitobs_service,38,3176056.5969756017,0.5868969298245614,0.11947207677699008,0.11990952512014756,0.0004374483431574816,0.00036999021740616593,0.0005049064689087973,,ok,
moirai2_small,covid_deaths,218,1828.460722197669,0.5493119266055045,0.06183922006448458,0.06156263468216462,-0.0002765853823199563,-0.0003697512254604459,-0.00018341953917946663,heavy_tail,ok,
moirai2_small,electricity/15T,368,0.8881115942410991,0.45547441123188404,0.9921285504105056,0.9873657932953472,-0.004762757115158389,-0.005971472223069303,-0.0035540420072474755,nan_heavy,ok,
moirai2_small,electricity/D,369,6.82404948374782,0.5838414634146342,1.0515921260948826,0.9571315229272248,-0.09446060316765781,-0.09813699396854003,-0.09078421236677559,nan_heavy,ok,
moirai2_small,electricity/H,368,0.896004777705896,0.5161911231884058,0.9881690541429439,0.9928508394862643,0.0046817853433204215,0.003641427894512682,0.005722142792128161,nan_heavy,ok,
moirai2_small,electricity/W,337,3.298496784938785,0.47499381800197826,0.9292846363521349,0.9251565052223881,-0.004128131129746748,-0.009355549920119794,0.0010992876606262985,nan_heavy,ok,
moirai2_small,ett1/15T,140,2.5998183014139373,0.35327380952380955,1.0078188825591823,0.9042372056210007,-0.10358167693818154,-0.11393452036596338,-0.0932288335103997,multi_window,ok,
moirai2_small,ett1/D,42,5.8389934285317535,0.482390873015873,0.769255038365446,0.664239564436686,-0.10501547392875998,-0.11751081114462035,-0.09252013671289962,multi_window,ok,
moirai2_small,ett1/H,140,1.0299183194092945,0.49516369047619047,0.9568023053130092,0.9174767265202975,-0.0393255787927117,-0.048458153010070115,-0.030193004575353285,multi_window,ok,
moirai2_small,ett2/15T,140,1.655198790529045,0.4250744047619048,1.0188767288781235,0.988854639505696,-0.030022089372427563,-0.03280474859304478,-0.027239430151810344,multi_window,ok,
moirai2_small,ett2/D,42,24.668293684324265,0.5414186507936508,0.657406248562267,0.6603268654028075,0.0029206168405404576,-0.012019032917457664,0.01786026659853858,multi_window,ok,
moirai2_small,ett2/H,140,1.5237266605015543,0.4865327380952381,0.9819716434815096,0.9879347219408741,0.005963078459364501,0.002201194593885298,0.009724962324843704,multi_window,ok,
moirai2_small,hierarchical_sales/D,118,2.1300677188003236,0.4627471751412429,0.31861794969418594,0.3149434278902492,-0.0036745218039367367,-0.0044154441182427,-0.0029335994896307737,,ok,
moirai2_small,hierarchical_sales/W,118,1.1195260359246078,0.502736581920904,0.7992424507414612,0.7485520187492494,-0.05069043199221179,-0.055667979825768786,-0.0457128841586548,,ok,
moirai2_small,jena_weather,401,84073.5202540769,0.4643859102244389,0.7699255385712764,0.7673211740922524,-0.002604364479024013,-0.003833572425961147,-0.0013751565320868785,multi_window,ok,
moirai2_small,jena_weather/10T,401,84073.5202540769,0.4643859102244389,0.7699255385712764,0.7673211740922524,-0.002604364479024013,-0.003833572425961147,-0.0013751565320868785,multi_window,ok,
moirai2_small,jena_weather/D,42,11.017319532093403,0.5704365079365079,0.9953039408356029,0.9960989275453305,0.000794986709727552,-0.0013154323735574238,0.002905405793012528,multi_window,ok,
moirai2_small,jena_weather/H,411,4.4832107762465405,0.4855535279805353,1.0012331688179765,0.9994934662644359,-0.0017397025535406119,-0.0020417870179681866,-0.0014376180891130371,multi_window,ok,
moirai2_small,kdd_cup_2018_with_missing/D,256,3.047525736365529,0.3791910807291667,0.3761215992257342,0.3587458074477635,-0.01737579177797066,-0.018211212443280098,-0.016540371112661226,,ok,
moirai2_small,kdd_cup_2018_with_missing/H,252,8.90328813927868,0.3806630291005291,0.3611019588161248,0.34962641269684575,-0.011475546119279034,-0.012561772304309406,-0.010389319934248662,nan_heavy,ok,
moirai2_small,m4_daily,4013,303448.61263794504,0.47589864191378023,0.04347652240614052,0.04443069830446533,0.0009541758983248119,0.000949786433840018,0.0009585653628096058,,ok,
moirai2_small,m4_hourly,414,0.29210580009977943,0.47685185185185186,0.9837953920550192,0.9850166252694457,0.0012212332144264648,-0.00011741530008322091,0.0025598817289361506,,ok,
moirai2_small,m4_monthly,28944,24.05125165609877,0.4916915710797862,0.9756956802365635,0.9566671215333302,-0.019028558703233278,-0.01948681305438843,-0.018570304352078126,,ok,
moirai2_small,m4_quarterly,960,33.84974507335816,0.6684895833333333,1.0908120598564954,0.9858363715187629,-0.10497568833773252,-0.1058898308064142,-0.10406154586905084,,ok,
moirai2_small,m4_weekly,294,12.27393187620353,0.6078514739229025,0.9697429595127117,0.988633239634313,0.01889028012160132,0.01504545864766612,0.022735101595536523,,ok,
moirai2_small,m4_yearly,61,6.739317611054862,0.4667008196721312,0.9849779460215232,0.9755305206472202,-0.009447425374302987,-0.017428394000471775,-0.0014664567481342,,ok,
moirai2_small,restaurant,795,1.316137436440964,0.4968553459119497,0.6043672416695148,0.5920111405930231,-0.012356101076491766,-0.013537237036416107,-0.011174965116567424,nan_heavy,ok,
moirai2_small,saugeenday/D,20,17.59594236343217,0.290625,0.1879849417492867,0.19916193276970462,0.011176991020417915,0.009520244681650174,0.012833737359185655,multi_window,ok,
moirai2_small,saugeenday/M,7,0.6523468179575939,0.5505952380952381,0.5849575770403224,0.5646192425084589,-0.02033833453186351,-0.02387115917903091,-0.01680550988469611,multi_window,ok,
moirai2_small,saugeenday/W,20,1.5110145683863094,0.36614583333333334,0.2681022100309173,0.2687595521365913,0.0006573421056740303,-0.0010950299202566196,0.00240971413160468,multi_window,ok,
moirai2_small,solar/10T,135,12304.071215767763,0.5388117283950618,0.010719069230070575,0.010708392788057977,-1.0676442012597792e-05,-1.2198426496650807e-05,-9.154457528544777e-06,,ok,
moirai2_small,solar/D,137,3.600507822167025,0.40275243309002434,0.2516815990241384,0.2505929969968017,-0.0010886020273366825,-0.001402538944549498,-0.0007746651101238672,,ok,
moirai2_small,solar/H,137,0.45694571353546526,0.41385340632603407,0.849443623996565,0.814073165326894,-0.035370458669671034,-0.03632267501365737,-0.034418242325684696,,ok,
moirai2_small,temperature_rain_with_missing,31846,17.140240555602446,0.5891664180744834,0.40934736877413785,0.4027343784778452,-0.006612990296292642,-0.006685491892719492,-0.006540488699865793,,ok,
moirai2_small,us_births/D,20,0.3432082209279195,0.4953125,0.9519578642866248,0.9273597444022528,-0.024598119884371994,-0.04344822118514223,-0.005748018583601761,multi_window,ok,
moirai2_small,us_births/W,9,0.10519181635857322,0.34837962962962965,0.985637801984968,0.9957562250471547,0.010118423062186688,0.0023312721332507964,0.01790557399112258,multi_window,ok,
sundial,LOOP_SEATTLE/5T,323,2.908157187915405,0.4876483488132095,1.0080016239503544,0.993032321288519,-0.014969302661835382,-0.016385181836239656,-0.013553423487431108,,ok,
sundial,LOOP_SEATTLE/D,323,0.9936308987484995,0.5148671310629515,1.0133741845016444,0.9947985482740144,-0.018575636227630032,-0.0193894831195328,-0.017761789335727265,,ok,
sundial,LOOP_SEATTLE/H,323,7.134310516923169,0.3985745614035088,0.9835163061399963,0.9777126800712717,-0.005803626068724643,-0.007341279503888819,-0.004265972633560468,,ok,
sundial,M_DENSE/D,30,0.9747990197568793,0.5270833333333333,0.8357079277531345,0.8545381993659321,0.0188302716127976,0.01143658795053859,0.02622395527505661,,ok,
sundial,M_DENSE/H,30,0.494013744688978,0.45868055555555554,0.8660640232549821,0.7929634504258499,-0.07310057282913218,-0.07758223124158954,-0.06861891441667482,,ok,
sundial,SZ_TAXI/15T,156,8.13462647865544,0.46153846153846156,0.5545944581541732,0.6372697807354097,0.08267532258123655,0.07972897153116841,0.0856216736313047,,ok,
sundial,SZ_TAXI/H,156,1.8020079805600213,0.5160256410256411,0.9345661881559593,0.9291052480375684,-0.005460940118390822,-0.009047333427813777,-0.0018745468089678683,,ok,
sundial,bitbrains_fast_storage/5T,2092,111075.8862841018,0.5537812699171447,0.06308300565560064,0.06318779516890745,0.00010478951330680775,9.086455880922786e-05,0.00011871446780438764,,ok,
sundial,bitbrains_fast_storage/H,2178,39.238982910286815,0.6138276706458524,0.9799283801117123,0.9779526444870579,-0.0019757356246544733,-0.0028746276326996815,-0.001076843616609265,,ok,
sundial,bitbrains_rnd/5T,902,821.4081139702225,0.6096175166297118,0.704863411304287,0.7051061212241614,0.0002427099198744065,-0.006054045605742071,0.006539465445490884,nan_heavy,ok,
sundial,bitbrains_rnd/H,918,578.6902823755083,0.5878154502541757,0.8101926620487664,0.8152736942992218,0.0050810322504554195,0.004227005147282067,0.0059350593536287724,nan_heavy,ok,
sundial,bizitobs_application,40,1040.9398670554378,0.5518229166666667,0.8642568467746211,0.9326812149662154,0.06842436819159425,0.04874394232469796,0.08810479405849055,multi_window,ok,
sundial,bizitobs_l2c/5T,110,10.048149361934664,0.681344696969697,0.9956155544497087,0.99870985093869,0.0030942964889812963,0.0013797776954375747,0.004808815282525018,multi_window,ok,
sundial,bizitobs_l2c/H,140,4.47138637642632,0.503125,1.2438291094323668,0.7092798880811594,-0.5345492213512074,-0.5570956783661357,-0.5120027643362791,multi_window,ok,
sundial,bizitobs_service,38,3176149.036773895,0.596765350877193,0.11942039173226002,0.1198572771867539,0.00043688545449388494,0.00036939608952280776,0.0005043748194649621,,ok,
sundial,covid_deaths,218,1891.7480468641147,0.7516724006116208,0.06436070469456968,0.06392026504375244,-0.0004404396508172481,-0.0005542595451389883,-0.00032661975649550794,heavy_tail,ok,
sundial,electricity/15T,368,0.8311375499049078,0.5000849184782609,0.9922370896673897,0.9879466203060938,-0.0042904693612958456,-0.005430800976646898,-0.003150137745944793,nan_heavy,ok,
sundial,electricity/D,369,8.121792715951154,0.5460422312556459,1.0607787194223222,0.9541626245420776,-0.1066160948802446,-0.11083700494158498,-0.10239518481890421,nan_heavy,ok,
sundial,electricity/H,368,0.8722663400512346,0.570708786231884,0.9906465275666293,0.9930351272545155,0.0023885996878861837,0.0012874587585058003,0.003489740617266567,nan_heavy,ok,
sundial,electricity/W,337,3.518181082817383,0.5240788822947576,0.9382120374013383,0.9229511497487805,-0.015260887652557842,-0.02091499821863598,-0.009606777086479702,nan_heavy,ok,
sundial,ett1/15T,140,1.9380453196947196,0.5311011904761904,1.0411983723543914,0.9243461001687867,-0.11685227218560468,-0.12715441759993681,-0.10655012677127254,multi_window,ok,
sundial,ett1/D,42,5.744242808766941,0.4965277777777778,0.753620876786959,0.6576325979851058,-0.09598827880185323,-0.1085270821931422,-0.08344947541056427,multi_window,ok,
sundial,ett1/H,140,1.1164354250630746,0.5286458333333334,0.9465087017434906,0.9096518571687889,-0.03685684457470162,-0.046288299412305826,-0.027425389737097412,multi_window,ok,
sundial,ett2/15T,140,1.5325456743881702,0.5195684523809524,0.9960566085813325,0.988265317879325,-0.0077912907020074584,-0.01079125308872907,-0.004791328315285846,multi_window,ok,
sundial,ett2/D,42,24.708419501744196,0.5530753968253969,0.6344593472535228,0.6457523041209802,0.011292956867457349,-0.003948494855635122,0.02653440859054982,multi_window,ok,
sundial,ett2/H,140,1.4532420478090795,0.509077380952381,0.9780390606130076,0.9872352709565696,0.009196210343561995,0.0056088720406242114,0.012783548646499778,multi_window,ok,
sundial,hierarchical_sales/D,118,2.032607051452409,0.5184498587570622,0.29106482563839037,0.2882912740911752,-0.0027735515472151473,-0.003351485763429995,-0.0021956173310002996,,ok,
sundial,hierarchical_sales/W,118,1.0653429137020378,0.5813912429378532,0.7343750445760843,0.7230716081466901,-0.011303436429394131,-0.015122548431795125,-0.0074843244269931376,,ok,
sundial,jena_weather,401,84072.91262471478,0.5821124272651704,0.7697060290917374,0.7672005541863629,-0.0025054749053744496,-0.0037353923007994215,-0.0012755575099494775,multi_window,ok,
sundial,jena_weather/10T,401,84073.12538412119,0.5866583541147132,0.7696918489455137,0.7671946202829363,-0.0024972286625774,-0.0037286480213304684,-0.0012658093038243313,multi_window,ok,
sundial,jena_weather/D,42,11.495848708099055,0.7018849206349206,0.996700842517411,0.9961686530926315,-0.0005321894247795056,-0.003086813872504535,0.002022435022945524,multi_window,ok,
sundial,jena_weather/H,411,4.241970741241668,0.5150293998377939,1.0015205170813049,0.9997263489184928,-0.001794168162812082,-0.0020805429107855784,-0.0015077934148385857,multi_window,ok,
sundial,kdd_cup_2018_with_missing/D,256,2.8306087971722698,0.4503173828125,0.3648838504861218,0.34881096618411267,-0.01607288430200915,-0.016836211297264356,-0.015309557306753943,,ok,
sundial,kdd_cup_2018_with_missing/H,252,8.623711234114957,0.474578373015873,0.27045270927325443,0.2718955682079165,0.0014428589346620613,0.0008352961343025624,0.0020504217350215603,nan_heavy,ok,
sundial,m4_daily,4013,303446.87335370074,0.5835487789683529,0.043596022317166284,0.04455311028760882,0.0009570879704425342,0.0009526223573203835,0.0009615535835646848,,ok,
sundial,m4_hourly,414,0.3298227968162624,0.5232236312399355,0.9661739008661185,0.981096515699285,0.014922614833166481,0.013818655338280033,0.01602657432805293,,ok,
sundial,m4_monthly,28944,26.627433198239697,0.5920837076193108,0.9745798052876243,0.9543609024391534,-0.020218902848470943,-0.02062785987201788,-0.019809945824924007,,ok,
sundial,m4_quarterly,960,44.34550054443818,0.6892035590277777,1.0956503798362078,0.9845038969848636,-0.11114648285134421,-0.11246969418594584,-0.10982327151674258,,ok,
sundial,m4_weekly,294,15.566869828214923,0.639172335600907,0.9635655867119917,0.9853469429495358,0.02178135623754418,0.017597035145722598,0.025965677329365763,,ok,
sundial,m4_yearly,61,10.602734683507922,0.6770833333333334,0.9916050249964842,0.9727869713374911,-0.018818053658993028,-0.027960441986823063,-0.009675665331162993,,ok,
sundial,restaurant,795,1.3089842377246983,0.5226939203354297,0.572494926429026,0.5662288373610206,-0.006266089068005409,-0.00736918963090766,-0.005162988505103158,nan_heavy,ok,
sundial,saugeenday/D,20,16.597448609253057,0.4328125,0.19997583520694087,0.21389277515091357,0.013916939943972695,0.012014977866094918,0.015818902021850472,multi_window,ok,
sundial,saugeenday/M,7,0.7047628403117172,0.5863095238095238,0.5133075607403691,0.4866985599493619,-0.026609000791007198,-0.02942516144701717,-0.023792840134997224,multi_window,ok,
sundial,saugeenday/W,20,1.3102973855937334,0.5255208333333333,0.3189500264891352,0.32183162160273093,0.0028815951135957585,0.0007788939104327185,0.004984296316758799,multi_window,ok,
sundial,solar/10T,135,12303.546358301897,0.5550925925925926,0.007175883473500349,0.007173803755227674,-2.0797182726751615e-06,-2.2796345482422727e-06,-1.8798019971080502e-06,,ok,
sundial,solar/D,137,3.361743553660893,0.5487378345498783,0.24623976235903178,0.24453759700574343,-0.0017021653532883485,-0.002026375522756675,-0.0013779551838200219,,ok,
sundial,solar/H,137,0.40035507054913283,0.23007907542579076,0.9471016370568879,0.9194756322437255,-0.027626004813162353,-0.028508205646906187,-0.02674380397941852,,ok,
sundial,temperature_rain_with_missing,31846,16.963480130345353,0.6424747221001068,0.40589297734289437,0.4000683399761125,-0.0058246373667818485,-0.00589312570591728,-0.005756149027646417,,ok,
sundial,us_births/D,20,0.3325389961514856,0.5692708333333333,0.8907910737483058,0.9183431320673818,0.027552058319076034,0.007633470724268926,0.04747064591388314,multi_window,ok,
sundial,us_births/W,9,0.8304678019227226,0.5081018518518519,0.9299441778803158,0.9799475882760932,0.05000341039577738,0.03620628041788201,0.06380054037367275,multi_window,ok,
timemoe_200m,LOOP_SEATTLE/5T,323,2.794476111893185,0.489905830753354,1.0074611806089617,0.9931601132950956,-0.014301067313866156,-0.015602378318460957,-0.012999756309271355,,ok,
timemoe_200m,LOOP_SEATTLE/D,323,1.0276445407348889,0.5501483488132095,1.0133808908319155,0.9939867692286614,-0.019394121603254155,-0.020249959019401843,-0.018538284187106468,,ok,
timemoe_200m,LOOP_SEATTLE/H,323,7.242637079329814,0.36951754385964913,0.9829426460670608,0.9778007833172546,-0.005141862749806214,-0.006689870713730753,-0.0035938547858816753,,ok,
timemoe_200m,M_DENSE/D,30,0.9667984209922044,0.5850694444444444,0.8163860090596218,0.8414548548368999,0.02506884577727808,0.017505078678606782,0.03263261287594938,,ok,
timemoe_200m,M_DENSE/H,30,0.4492680138097302,0.48368055555555556,0.854432571574648,0.7976105440032978,-0.05682202757135024,-0.061407869954317996,-0.05223618518838249,,ok,
timemoe_200m,SZ_TAXI/15T,156,8.15576280270116,0.4807692307692308,0.549252641174708,0.6321045657135775,0.08285192453886958,0.0801195171343276,0.08558433194341156,,ok,
timemoe_200m,SZ_TAXI/H,156,1.8005260643407033,0.5348557692307693,0.9295302600695026,0.928649428246948,-0.0008808318225546063,-0.00448438209446698,0.002722718449357767,,ok,
timemoe_200m,bitbrains_fast_storage/5T,2092,111074.3279949689,0.5753415790312301,0.06306600066725417,0.06317019957222515,0.00010419890497098683,9.026259513924282e-05,0.00011813521480273084,,ok,
timemoe_200m,bitbrains_fast_storage/H,2178,39.16319149139925,0.6335705540250994,0.9796225576500569,0.9780116446755898,-0.001610912974467138,-0.0025069413878488103,-0.0007148845610854658,,ok,
timemoe_200m,bitbrains_rnd/5T,902,821.208858166165,0.6256582594235033,0.7046700098615684,0.7050086858596278,0.0003386759980594789,-0.005952849217744609,0.006630201213863567,nan_heavy,ok,
timemoe_200m,bitbrains_rnd/H,918,578.5957359207903,0.5940336782861293,0.810107357457247,0.8152580764814253,0.005150719024178296,0.004296085833199864,0.006005352215156729,nan_heavy,ok,
timemoe_200m,bizitobs_application,40,1040.2028172730602,0.5703125,0.8645309148561059,0.9326680283710616,0.06813711351495566,0.04842986355051351,0.08784436347939781,multi_window,ok,
timemoe_200m,bizitobs_l2c/5T,110,10.169045308044053,0.7378787878787879,0.9960767209607755,0.9987487462070435,0.0026720252462679728,0.0008959267964575078,0.004448123696078438,multi_window,ok,
timemoe_200m,bizitobs_l2c/H,140,4.422744965650519,0.5308035714285714,1.1997903700283672,0.6961864244724804,-0.5036039455558868,-0.5252802783260367,-0.481927612785737,multi_window,ok,
timemoe_200m,bizitobs_service,38,3176110.52820928,0.5852521929824561,0.11940685335804167,0.11984457301296672,0.00043771965492504783,0.0003703826841065991,0.0005050566257434966,,ok,
timemoe_200m,covid_deaths,218,1891.490710972466,0.8701739296636085,0.06233204101677842,0.061869820344087834,-0.0004622206726905831,-0.0005702911780508517,-0.0003541501673303144,heavy_tail,ok,
timemoe_200m,electricity/15T,368,0.9532178854912324,0.48562047101449274,0.9922701042389126,0.98427719494805,-0.007992909290862604,-0.009530200761213903,-0.006455617820511305,nan_heavy,ok,
timemoe_200m,electricity/D,369,8.305721486917797,0.5051095302619693,1.0578032568141684,0.9534817963211468,-0.1043214604930216,-0.10867040508308301,-0.09997251590296019,nan_heavy,ok,
timemoe_200m,electricity/H,368,0.8140635838712258,0.5974298007246377,0.9912035042861223,0.993510521345182,0.0023070170590597794,0.0013349190433104268,0.003279115074809132,nan_heavy,ok,
timemoe_200m,electricity/W,337,3.532155224858898,0.5574925816023739,0.9301074970410865,0.9212283699747177,-0.008879127066368842,-0.01469146185486354,-0.0030667922778741434,nan_heavy,ok,
timemoe_200m,ett1/15T,140,1.950531272463149,0.5736607142857143,1.0314217445068707,0.9208073773859514,-0.11061436712091932,-0.12060289910316505,-0.1006258351386736,multi_window,ok,
timemoe_200m,ett1/D,42,5.739115216709968,0.5099206349206349,0.752541809416179,0.6572480991229661,-0.09529371029321287,-0.10787446981416815,-0.0827129507722576,multi_window,ok,
timemoe_200m,ett1/H,140,1.1083891500013916,0.5504464285714286,0.9518483950967673,0.9102286563226757,-0.04161973877409164,-0.05126434970479934,-0.031975127843383945,multi_window,ok,
timemoe_200m,ett2/15T,140,1.5240877280914846,0.5414434523809524,0.9941759426130775,0.9881451080598683,-0.006030834553209186,-0.009166651336915108,-0.0028950177695032634,multi_window,ok,
timemoe_200m,ett2/D,42,25.203002381846698,0.5786210317460317,0.6311606553259724,0.6399544928829509,0.00879383755697849,-0.006308502238838385,0.023896177352795367,multi_window,ok,
timemoe_200m,ett2/H,140,1.402306186625456,0.546577380952381,0.976926306771635,0.987432637452945,0.010506330681310017,0.006808519670396838,0.014204141692223195,multi_window,ok,
timemoe_200m,hierarchical_sales/D,118,1.9856592803127548,0.5158015536723164,0.2726821092619694,0.2711129029961186,-0.0015692062658507755,-0.001997905203098643,-0.0011405073286029081,,ok,
timemoe_200m,hierarchical_sales/W,118,1.0572220980991454,0.5936617231638418,0.7103273135075285,0.7128710269387134,0.0025437134311848686,-0.0009942654604464568,0.006081692322816194,,ok,
timemoe_200m,jena_weather,401,84071.82696338529,0.6047381546134664,0.7697106011621333,0.7672023129841661,-0.0025082881779672217,-0.0037380012877160883,-0.0012785750682183553,multi_window,ok,
timemoe_200m,jena_weather/10T,401,84071.82696338529,0.6047381546134664,0.7697106011621333,0.7672023129841661,-0.0025082881779672217,-0.0037380012877160883,-0.0012785750682183553,multi_window,ok,
timemoe_200m,jena_weather/D,42,11.504850037288566,0.732390873015873,0.9963449903255105,0.9962532266801611,-9.1763645349352e-05,-0.0026054521238031464,0.0024219248331044424,multi_window,ok,
timemoe_200m,jena_weather/H,411,4.177187749531082,0.5887317518248175,1.0014992004650922,0.9997026240630472,-0.0017965764020450026,-0.002079774177195572,-0.0015133786268944334,multi_window,ok,
timemoe_200m,kdd_cup_2018_with_missing/D,256,2.7429865508172377,0.4923095703125,0.338392922267629,0.32722335551161147,-0.011169566756017546,-0.011903139454851407,-0.010435994057183685,,ok,
timemoe_200m,kdd_cup_2018_with_missing/H,252,8.594581742222108,0.46577380952380953,0.24488884259778723,0.24861455067212698,0.003725708074339751,0.00315193895170576,0.0042994771969737415,nan_heavy,ok,
timemoe_200m,m4_daily,4013,303445.372225601,0.6131011711936207,0.043568990203511807,0.04452556234400148,0.0009565721404896713,0.0009521095207221112,0.0009610347602572313,,ok,
timemoe_200m,m4_hourly,414,0.30338747066608546,0.6669937600644122,0.961827626745831,0.98038404412574,0.018556417379908985,0.01741755145702894,0.01969528330278903,,ok,
timemoe_200m,m4_monthly,28944,26.556594349983463,0.6395089799843375,0.9740787789355427,0.9542773866791867,-0.01980139225635602,-0.020199902466751515,-0.019402882045960527,,ok,
timemoe_200m,m4_quarterly,960,42.8071535415914,0.8064019097222223,1.0952570826973869,0.9846952408936336,-0.11056184180375328,-0.11186602225743016,-0.1092576613500764,,ok,
timemoe_200m,m4_weekly,294,15.460222644418781,0.6752409297052154,0.9647918335791505,0.9855258459335822,0.02073401235443162,0.016551869036002274,0.024916155672860964,,ok,
timemoe_200m,m4_yearly,61,9.89439343218414,0.7730532786885246,0.9865388224494892,0.9727254661279421,-0.013813356321547121,-0.023410429651300774,-0.0042162829917934685,,ok,
timemoe_200m,restaurant,795,1.3429169217127377,0.5428590146750524,0.5354128687408632,0.5363014603548681,0.0008885916140048966,-0.00023245717448633287,0.002009640402496126,nan_heavy,ok,
timemoe_200m,saugeenday/D,20,16.24475840414671,0.4640625,0.20028967348153676,0.2134725106162588,0.013182837134722042,0.010936134337779204,0.01542953993166488,multi_window,ok,
timemoe_200m,saugeenday/M,7,0.6684975162636881,0.6235119047619048,0.4908418908298967,0.47140943914560995,-0.019432451684286756,-0.02190740545905898,-0.01695749790951453,multi_window,ok,
timemoe_200m,saugeenday/W,20,1.2902342660653285,0.5765625,0.2756457392002075,0.28134728804820675,0.005701548847999227,0.003924243078046377,0.007478854617952078,multi_window,ok,
timemoe_200m,solar/10T,135,12300.454030468245,0.7081018518518518,0.008329059857495238,0.008324960051934371,-4.09980556086674e-06,-4.432986323777478e-06,-3.7666247979560017e-06,,ok,
timemoe_200m,solar/D,137,3.4015654743009174,0.5461526763990268,0.2344996678161665,0.23459790241472703,9.823459856053707e-05,-0.0002297276611998595,0.00042619685832093364,,ok,
timemoe_200m,solar/H,137,0.2949567857638017,0.5115571776155717,0.7936842073038188,0.7751472779366507,-0.01853692936716811,-0.019123930933573532,-0.017949927800762686,,ok,
timemoe_200m,temperature_rain_with_missing,31846,16.903850616825164,0.6319111897883565,0.40218675888274635,0.3971863987438248,-0.005000360138921578,-0.005069531117629852,-0.0049311891602133034,,ok,
timemoe_200m,us_births/D,20,0.4588257696677201,0.5921875,0.8344485245115972,0.8767542685566495,0.042305744045052274,0.0194612565281188,0.06515023156198575,multi_window,ok,
timemoe_200m,us_births/W,9,0.8840068216551834,0.48726851851851855,0.8920255611034879,0.9828864737239222,0.09086091262043439,0.07412455652232447,0.1075972687185443,multi_window,ok,
timemoe_50m,LOOP_SEATTLE/5T,323,2.8305842394789473,0.4836816305469556,1.0083466978270645,0.993025528780573,-0.0153211690464915,-0.0167574227827612,-0.0138849153102218,,ok,
timemoe_50m,LOOP_SEATTLE/D,323,1.0802331752185956,0.5340879772961816,1.013301205195263,0.9938001783873645,-0.019501026807898558,-0.020362988259608437,-0.01863906535618868,,ok,
timemoe_50m,LOOP_SEATTLE/H,323,7.238415562869959,0.36448658410732715,0.9841740757630315,0.977881042895371,-0.006293032867660475,-0.007821132821530387,-0.004764932913790564,,ok,
timemoe_50m,M_DENSE/D,30,0.804814595332719,0.5951388888888889,0.8467430702577754,0.867615074155873,0.020872003898097624,0.012971333275836728,0.028772674520358518,,ok,
timemoe_50m,M_DENSE/H,30,0.48133936483276313,0.4465277777777778,0.8891792550704419,0.8181618167675462,-0.07101743830289575,-0.07577362289648565,-0.06626125370930586,,ok,
timemoe_50m,SZ_TAXI/15T,156,8.163002897461512,0.4861111111111111,0.5472301633161862,0.6301806111849984,0.08295044786881212,0.08015431751747157,0.08574657822015266,,ok,
timemoe_50m,SZ_TAXI/H,156,1.8147101876516505,0.5293135683760684,0.93181265049249,0.9286116828206703,-0.0032009676718196545,-0.006863687571504287,0.00046175222786497836,,ok,
timemoe_50m,bitbrains_fast_storage/5T,2092,111072.90122960099,0.580425430210325,0.063074311311757,0.06317885548202874,0.00010454417027173923,9.059765719512745e-05,0.00011849068334835102,,ok,
timemoe_50m,bitbrains_fast_storage/H,2178,39.151372744504535,0.6341492577288032,0.979643625426609,0.9780309299239658,-0.0016126955026432022,-0.0025073557919614714,-0.0007180352133249328,,ok,
timemoe_50m,bitbrains_rnd/5T,902,821.1704761218618,0.6140174611973392,0.7047464311621822,0.7050480445507807,0.0003016133885985761,-0.005994921408060775,0.006598148185257927,nan_heavy,ok,
timemoe_50m,bitbrains_rnd/H,918,578.5483579069723,0.6097494553376906,0.8099919734405122,0.8152131052940238,0.005221131853511585,0.0043699169074170275,0.006072346799606142,nan_heavy,ok,
timemoe_50m,bizitobs_application,40,1040.0984883942601,0.58046875,0.8644965450851115,0.9326331078859127,0.06813656280080116,0.048430681172608986,0.08784244442899333,multi_window,ok,
timemoe_50m,bizitobs_l2c/5T,110,10.213565655910044,0.7202651515151515,0.9959004197859272,0.9986841596029323,0.002783739817005082,0.001002330570091078,0.004565149063919086,multi_window,ok,
timemoe_50m,bizitobs_l2c/H,140,4.456874055627125,0.5111607142857143,1.2003245243497063,0.6949757746264333,-0.5053487497232729,-0.5263633508515125,-0.4843341485950334,multi_window,ok,
timemoe_50m,bizitobs_service,38,3176113.157139613,0.5808662280701754,0.11941121854332813,0.11984877962361204,0.0004375610802839075,0.0003701784189332069,0.0005049437416346081,,ok,
timemoe_50m,covid_deaths,218,1892.4677699488152,0.8491016819571865,0.06235352945528924,0.061873332419202384,-0.0004801970360868574,-0.0005890569331863911,-0.00037133713898732367,heavy_tail,ok,
timemoe_50m,electricity/15T,368,0.9384849991566043,0.48168591485507245,0.9929312349628346,0.9845191126945281,-0.008412122268306566,-0.010068989905786455,-0.006755254630826676,nan_heavy,ok,
timemoe_50m,electricity/D,369,8.281770440649662,0.5181233062330624,1.0576658917032515,0.9534238991984884,-0.10424199250476318,-0.10858927493929901,-0.09989471007022735,nan_heavy,ok,
timemoe_50m,electricity/H,368,0.8346161237718375,0.6098278985507246,0.991671138050051,0.9934973059079517,0.0018261678579006846,0.0007881376797393529,0.0028641980360620163,nan_heavy,ok,
timemoe_50m,electricity/W,337,3.492771425370373,0.5735657764589516,0.9292588868753681,0.9218589520677865,-0.00739993480758161,-0.013272596207490564,-0.001527273407672656,nan_heavy,ok,
timemoe_50m,ett1/15T,140,1.9159101941207293,0.5673363095238095,1.0430223451426874,0.9233375054173469,-0.1196848397253405,-0.12953094720707448,-0.10983873224360652,multi_window,ok,
timemoe_50m,ett1/D,42,5.811423829682642,0.5215773809523809,0.7509739566150497,0.6539152769467579,-0.09705867966829185,-0.10969975821008326,-0.08441760112650043,multi_window,ok,
timemoe_50m,ett1/H,140,1.1038082704870733,0.5617559523809523,0.9545075868689678,0.910820869897249,-0.043686716971718775,-0.0530341128764787,-0.03433932106695885,multi_window,ok,
timemoe_50m,ett2/15T,140,1.5673198199348082,0.5284970238095238,0.9978773578068171,0.9877926758508029,-0.010084681956014196,-0.01329586558133753,-0.006873498330690862,multi_window,ok,
timemoe_50m,ett2/D,42,25.247971037315498,0.6006944444444444,0.6276885885621115,0.6378199095998092,0.01013132103769765,-0.005028920509766081,0.02529156258516138,multi_window,ok,
timemoe_50m,ett2/H,140,1.413875489059298,0.5526785714285715,0.9773796477150265,0.987601161709992,0.010221513994965514,0.006525160644027379,0.01391786734590365,multi_window,ok,
timemoe_50m,hierarchical_sales/D,118,1.9879836813852518,0.500441384180791,0.2782043370070033,0.27608205332917757,-0.0021222836778257426,-0.0025035841492608074,-0.001740983206390678,,ok,
timemoe_50m,hierarchical_sales/W,118,1.0548250013178186,0.5886299435028248,0.7151924821172149,0.7155644310561802,0.00037194893896530523,-0.0035298527177675247,0.004273750595698135,,ok,
timemoe_50m,jena_weather,401,84071.73183110969,0.5774366167913549,0.7696997709793936,0.7671959281842449,-0.002503842795148703,-0.0037341584577091852,-0.001273527132588221,multi_window,ok,
timemoe_50m,jena_weather/10T,401,84071.73183110969,0.5774366167913549,0.7696997709793936,0.7671959281842449,-0.002503842795148703,-0.0037341584577091852,-0.001273527132588221,multi_window,ok,
timemoe_50m,jena_weather/D,42,11.512615457887588,0.7180059523809523,0.996687394707995,0.996226636995351,-0.0004607577126439777,-0.002991859626577232,0.0020703442012892765,multi_window,ok,
timemoe_50m,jena_weather/H,411,4.182801087407261,0.5731194241686942,1.0015523616328166,0.9996971382985456,-0.0018552233342710167,-0.0021305849879203614,-0.0015798616806216722,multi_window,ok,
timemoe_50m,kdd_cup_2018_with_missing/D,256,2.724862316684712,0.485107421875,0.3380738775756166,0.32703634570414486,-0.011037531871471717,-0.01169828343564054,-0.010376780307302895,,ok,
timemoe_50m,kdd_cup_2018_with_missing/H,252,8.597940930099814,0.4671792328042328,0.24337353418861224,0.2471019005638458,0.0037283663752335494,0.003194855178228908,0.004261877572238191,nan_heavy,ok,
timemoe_50m,m4_daily,4013,303445.7552125127,0.620693683030152,0.043583490708999584,0.044540311715654826,0.0009568210066552424,0.0009523503202038987,0.0009612916931065861,,ok,
timemoe_50m,m4_hourly,414,0.3010933116162583,0.6691324476650563,0.9621526672328853,0.98106184085786,0.018909173624974684,0.017551051386475024,0.020267295863474345,,ok,
timemoe_50m,m4_monthly,28944,26.612421833212768,0.6370800799244518,0.9746736242596058,0.9542366740304992,-0.020436950229106632,-0.020839361351922246,-0.020034539106291018,,ok,
timemoe_50m,m4_quarterly,960,42.83664351367212,0.8186089409722223,1.095293195797432,0.9847493352844285,-0.11054386051300336,-0.11185029943464138,-0.10923742159136533,,ok,
timemoe_50m,m4_weekly,294,15.378148532572355,0.6906533446712018,0.9644632179185185,0.9855758803428925,0.02111266242437393,0.016919609767888606,0.025305715080859253,,ok,
timemoe_50m,m4_yearly,61,10.02884799695285,0.7870560109289617,0.9892391927190407,0.9727496508800126,-0.016489541839028066,-0.026102607986359203,-0.006876475691696927,,ok,
timemoe_50m,restaurant,795,1.3479671629044494,0.5400550314465409,0.5360201878308016,0.5361074008754733,8.721304467163016e-05,-0.0010422153083989494,0.0012166413977422097,nan_heavy,ok,
timemoe_50m,saugeenday/D,20,16.13327207278631,0.4505208333333333,0.19665749789109732,0.21004202978412517,0.013384531893027851,0.011156862583859672,0.01561220120219603,multi_window,ok,
timemoe_50m,saugeenday/M,7,0.70046739241051,0.5997023809523809,0.4688992550939238,0.4487011732961171,-0.02019808179780669,-0.02274780404136035,-0.017648359554253028,multi_window,ok,
timemoe_50m,saugeenday/W,20,1.276281748704304,0.5791666666666667,0.2968726258128277,0.30204959881416094,0.0051769730013332405,0.0031284525133483776,0.007225493489318103,multi_window,ok,
timemoe_50m,solar/10T,135,12301.144131474195,0.7067901234567902,0.006485885134669855,0.006483803742150932,-2.0813925189237456e-06,-2.280401660251599e-06,-1.882383377595892e-06,,ok,
timemoe_50m,solar/D,137,3.38504149506287,0.6570863746958637,0.2335683436339999,0.2337044640653608,0.0001361204313609088,-0.00017884181052297594,0.0004510826732447935,,ok,
timemoe_50m,solar/H,137,0.2786675102199862,0.6217305352798054,0.7994063174043682,0.7816317758423025,-0.017774541562065704,-0.01838791813736137,-0.01716116498677004,,ok,
timemoe_50m,temperature_rain_with_missing,31846,16.909227746842312,0.613646533316586,0.4026304452626914,0.39749119868300586,-0.0051392465796855635,-0.005206868371223558,-0.005071624788147569,,ok,
timemoe_50m,us_births/D,20,0.4203968243909223,0.6083333333333333,0.8338177112640466,0.884568471960787,0.05075076069674045,0.02925016358345478,0.07225135781002612,multi_window,ok,
timemoe_50m,us_births/W,9,0.8948655379098577,0.5,0.9063501107671634,0.9775166003511299,0.07116648958396643,0.053958065848391766,0.08837491331954109,multi_window,ok,
timer_84m,LOOP_SEATTLE/5T,323,2.6776635657090626,0.5094169246646026,1.007335137531692,0.992963802821016,-0.014371334710675865,-0.01570561826913297,-0.013037051152218758,,ok,
timer_84m,LOOP_SEATTLE/D,323,1.4892754718151093,0.41756965944272445,1.0109035184215145,0.9920109679711604,-0.018892550450354095,-0.019790293520073006,-0.017994807380635185,,ok,
timer_84m,LOOP_SEATTLE/H,323,7.251416517955984,0.37483875128998967,0.9842731183328284,0.9776254919254879,-0.006647626407340512,-0.008154108539469795,-0.005141144275211229,,ok,
timer_84m,M_DENSE/D,30,1.285928442765479,0.5795138888888889,0.7447879067489627,0.7535019641648416,0.00871405741587894,0.0018722101436810237,0.015555904688076855,,ok,
timer_84m,M_DENSE/H,30,0.46857696570488633,0.38819444444444445,0.9577236755373711,0.8793037245301558,-0.07841995100721533,-0.08384676899966638,-0.07299313301476427,,ok,
timer_84m,SZ_TAXI/15T,156,8.204126603723747,0.4988648504273504,0.543112702366648,0.6255449184175382,0.08243221605089024,0.07940116368600132,0.08546326841577916,,ok,
timer_84m,SZ_TAXI/H,156,1.7873631107557826,0.5146901709401709,0.9313953959671828,0.9297418960380156,-0.0016534999291671904,-0.005512634936139871,0.00220563507780549,,ok,
timer_84m,bitbrains_fast_storage/5T,2092,111058.61686004595,0.4991136870618228,0.06306511663738253,0.06317243573419615,0.00010731909681362117,9.341644027803585e-05,0.0001212217533492065,,ok,
timer_84m,bitbrains_fast_storage/H,2178,39.157787209812234,0.5560912151821242,0.9796147345913695,0.9780545335771345,-0.0015602010142350409,-0.0024557257664619475,-0.0006646762620081342,,ok,
timer_84m,bitbrains_rnd/5T,902,821.1903288928979,0.5089153732446415,0.7047084969579673,0.704968339383325,0.00025984242535770363,-0.006024891770457493,0.0065445766211729,nan_heavy,ok,
timer_84m,bitbrains_rnd/H,918,578.3324138589632,0.5478281590413944,0.8102006121213341,0.8153094669210054,0.00510885479967127,0.004250279469418453,0.005967430129924086,nan_heavy,ok,
timer_84m,bizitobs_application,40,1041.3431438471814,0.546875,0.8634574618752244,0.9323625183166534,0.06890505644142897,0.04919600011672594,0.088614112766132,multi_window,ok,
timer_84m,bizitobs_l2c/5T,110,9.490043502406108,0.7211174242424242,0.9946933993445065,0.9988069671001384,0.004113567755631875,0.002325210798712379,0.0059019247125513714,multi_window,ok,
timer_84m,bizitobs_l2c/H,140,4.598008485367033,0.4901041666666667,1.2000425557356158,0.6910038706237829,-0.5090386851118329,-0.5299609678464127,-0.4881164023772532,multi_window,ok,
timer_84m,bizitobs_service,38,3176103.6862983825,0.6951754385964912,0.1194021100182648,0.11983949818191095,0.0004373881636461491,0.00036997989326104574,0.0005047964340312524,,ok,
timer_84m,covid_deaths,218,1879.9662208265752,0.9271788990825688,0.06006555490131588,0.05960583490071555,-0.000459720000600336,-0.0005593977684874942,-0.00036004223271317786,heavy_tail,ok,
timer_84m,electricity/15T,368,1.1111306901091351,0.580474411231884,0.9841158562359693,0.9783221173744276,-0.005793738861541664,-0.007029035191089361,-0.004558442531993967,nan_heavy,ok,
timer_84m,electricity/D,369,8.449988877396475,0.49314024390243905,1.0590568494932904,0.9530679957147303,-0.10598885377856004,-0.1102015675709848,-0.10177613998613529,nan_heavy,ok,
timer_84m,electricity/H,368,0.7878665159846797,0.46359827898550726,0.9902781974738372,0.9937288004105671,0.0034506029367299407,0.002364814754717543,0.004536391118742338,nan_heavy,ok,
timer_84m,electricity/W,337,3.5808854434033375,0.5663946587537092,0.9292162962456922,0.921504972683026,-0.007711323562666239,-0.012978236298383097,-0.0024444108269493807,nan_heavy,ok,
timer_84m,ett1/15T,140,1.9489959628704414,0.6342261904761904,1.033569641252861,0.9231747421628077,-0.11039489909005329,-0.12096953245764192,-0.09982026572246466,multi_window,ok,
timer_84m,ett1/D,42,5.918450768678976,0.5505952380952381,0.7570652163211896,0.654888460243578,-0.10217675607761156,-0.11554760312326041,-0.08880590903196271,multi_window,ok,
timer_84m,ett1/H,140,1.1814455270353454,0.5268601190476191,0.9464105563143446,0.9032459235224481,-0.04316463279189642,-0.05271104466654025,-0.033618220917252584,multi_window,ok,
timer_84m,ett2/15T,140,1.4850152997766124,0.5398065476190477,0.9965568312526619,0.9888461857660257,-0.007710645486636247,-0.010681536014710478,-0.004739754958562018,multi_window,ok,
timer_84m,ett2/D,42,25.48670408241988,0.49107142857142855,0.6292122052202341,0.6366857190907306,0.00747351387049644,-0.007458852544005539,0.022405880284998417,multi_window,ok,
timer_84m,ett2/H,140,1.45758587237862,0.5538690476190476,0.9787334307941414,0.987263007530677,0.008529576736535538,0.00458797203729152,0.012471181435779556,multi_window,ok,
timer_84m,hierarchical_sales/D,118,1.956260590156483,0.4736935028248588,0.26825581638243684,0.2673016788842583,-0.00095413749817852,-0.001408627236931455,-0.0004996477594255851,,ok,
timer_84m,hierarchical_sales/W,118,1.1244110416674582,0.4781073446327684,0.7095488381916089,0.7048597257611952,-0.0046891124304137,-0.008781897862828188,-0.0005963269979992131,,ok,
timer_84m,jena_weather,401,84069.15062738235,0.526937863674148,0.769694749706732,0.7671972398225699,-0.0024975098841620857,-0.0037262805467360633,-0.0012687392215881082,multi_window,ok,
timer_84m,jena_weather/10T,401,84069.15062738235,0.526937863674148,0.769694749706732,0.7671972398225699,-0.0024975098841620857,-0.0037262805467360633,-0.0012687392215881082,multi_window,ok,
timer_84m,jena_weather/D,42,11.892795168102085,0.6393849206349206,0.9970272016235713,0.996146920574519,-0.000880281049052245,-0.0036617141085571354,0.0019011520104526454,multi_window,ok,
timer_84m,jena_weather/H,411,4.31178520770722,0.5291463909164639,1.0014799900341091,0.9997111825806317,-0.0017688074534774056,-0.002053589762145639,-0.0014840251448091724,multi_window,ok,
timer_84m,kdd_cup_2018_with_missing/D,256,2.7640723874984805,0.4830729166666667,0.3289138185858489,0.3177359343713647,-0.01117788421448418,-0.011837724889171859,-0.0105180435397965,,ok,
timer_84m,kdd_cup_2018_with_missing/H,252,8.8080167213692,0.4111276455026455,0.2615980821423227,0.26124270518263315,-0.0003553769596895684,-0.0008651844007206951,0.0001544304813415583,nan_heavy,ok,
timer_84m,m4_daily,4013,303446.645842659,0.6238474956391726,0.043504253440794914,0.044459351980690995,0.0009550985398960807,0.0009507024390158766,0.0009594946407762848,,ok,
timer_84m,m4_hourly,414,0.3614774893934281,0.5100644122383253,0.963281853929239,0.9810850651714869,0.01780321124224782,0.016512699861688022,0.019093722622807615,,ok,
timer_84m,m4_monthly,28944,25.97544134759908,0.6498795806845402,0.9738770365759293,0.9544320844247501,-0.01944495215117914,-0.01984663427854664,-0.01904327002381164,,ok,
timer_84m,m4_quarterly,960,40.843884030686006,0.8314778645833333,1.0945249126478667,0.984837307231697,-0.10968760541616962,-0.11100290834467028,-0.10837230248766896,,ok,
timer_84m,m4_weekly,294,14.628575505095588,0.7067743764172335,0.9634434111270134,0.9859737490518399,0.022530337924826505,0.018460469146627183,0.026600206703025826,,ok,
timer_84m,m4_yearly,61,8.814297626776295,0.7942281420765027,0.9852707683230395,0.973405978028218,-0.011864790294821459,-0.02095461978831372,-0.0027749608013291956,,ok,
timer_84m,restaurant,795,1.4400572470310082,0.4614517819706499,0.517428321448142,0.5144489939228288,-0.002979327525313158,-0.003944650047755049,-0.0020140050028712663,nan_heavy,ok,
timer_84m,saugeenday/D,20,15.659005605732654,0.5119791666666667,0.19832445909158344,0.21168532801830472,0.013360868926721281,0.011262492919678128,0.015459244933764434,multi_window,ok,
timer_84m,saugeenday/M,7,0.7544275056879652,0.5892857142857143,0.4035497009140225,0.39150825176158144,-0.012041449152441042,-0.014168259637837055,-0.009914638667045029,multi_window,ok,
timer_84m,saugeenday/W,20,1.3863144306177344,0.4375,0.35021278202661116,0.33696620994136744,-0.013246572085243713,-0.016013275226634836,-0.010479868943852588,multi_window,ok,
timer_84m,solar/10T,135,12299.18035251212,0.46828703703703706,0.004424839940679657,0.00442376602112292,-1.0739195567370519e-06,-1.2613602639717563e-06,-8.864788495023474e-07,,ok,
timer_84m,solar/D,137,3.525432729678414,0.46920620437956206,0.2366889540837789,0.2370260093054521,0.0003370552216731826,4.649447007188485e-05,0.0006276159732744803,,ok,
timer_84m,solar/H,137,0.48514592947372004,0.6601277372262774,0.8684453546611737,0.8401976795557442,-0.02824767510542947,-0.02903479412417206,-0.02746055608668688,,ok,
timer_84m,temperature_rain_with_missing,31846,16.92629600544561,0.4600296478887982,0.3951059192489511,0.3912440284842812,-0.0038618907646699174,-0.0039296649108741645,-0.0037941166184656708,,ok,
timer_84m,us_births/D,20,1.2825261801162706,0.5453125,0.6171359773964121,0.6181620136176964,0.0010260362212842766,-0.012717175735279513,0.014769248177848067,multi_window,ok,
timer_84m,us_births/W,9,1.4198338482832389,0.5300925925925926,0.8926300381259679,0.9522055150843013,0.05957547695833343,0.04494861834568675,0.0742023355709801,multi_window,ok,
tirex,LOOP_SEATTLE/5T,323,3.586277536596596,0.40486326109391124,1.0318589597073735,0.9900245694636656,-0.04183439024370794,-0.04404024280897321,-0.039628537678442675,,ok,
tirex,LOOP_SEATTLE/D,323,1.0756679932400832,0.44720717234262125,1.0109412993008007,0.9950411241578955,-0.015900175142905204,-0.016579625796978442,-0.015220724488831968,,ok,
tirex,LOOP_SEATTLE/H,323,7.0011468214345465,0.4087977296181631,0.9759243710489901,0.9775859953980881,0.001661624349098001,0.00020739619827365194,0.0031158524999223497,,ok,
tirex,M_DENSE/D,30,0.7523981260242275,0.44027777777777777,0.8799314270901947,0.8808506410066634,0.000919213916468764,-0.01098630118596773,0.012824729018905258,,ok,
tirex,M_DENSE/H,30,0.518599373756664,0.434375,0.8952428477599107,0.7918519217169206,-0.10339092604299005,-0.10948307428762027,-0.09729877779835983,,ok,
tirex,SZ_TAXI/15T,156,7.946194794310638,0.4157986111111111,0.5914061941972273,0.6641608873087097,0.07275469311148242,0.0694275199805507,0.07608186624241413,,ok,
tirex,SZ_TAXI/H,156,1.8989281215428166,0.5056757478632479,0.9545657431374949,0.9278660466587212,-0.026699696478773682,-0.03151478134985832,-0.021884611607689043,,ok,
tirex,bitbrains_fast_storage/5T,2092,111099.64109334457,0.47762806724028045,0.06319411137869227,0.06329395785287183,9.984647417955739e-05,8.579391078841277e-05,0.000113899037570702,,ok,
tirex,bitbrains_fast_storage/H,2178,39.308117806434836,0.5162419651056015,0.9799807257242233,0.9779227613249724,-0.002057964399250989,-0.0029402574332825066,-0.001175671365219471,,ok,
tirex,bitbrains_rnd/5T,902,821.8895839336793,0.5089269216555802,0.705162092860477,0.7052373214029991,7.522854252206557e-05,-0.006219842657957356,0.006370299743001487,nan_heavy,ok,
tirex,bitbrains_rnd/H,918,578.8537728766436,0.5218545751633987,0.8106355270965065,0.8153506291481232,0.004715102051616626,0.0038810566964831528,0.0055491474067501,nan_heavy,ok,
tirex,bizitobs_application,40,1035.5176688122133,0.5315104166666667,0.8641652637059649,0.9325091465329713,0.06834388282700643,0.048618983279104674,0.08806878237490819,multi_window,ok,
tirex,bizitobs_l2c/5T,110,8.228822586545936,0.6246212121212121,0.9952448388035384,0.9986203728628895,0.003375534059351093,0.0017918865880754188,0.004959181530626767,multi_window,ok,
tirex,bizitobs_l2c/H,140,4.778387167095835,0.41845238095238096,1.3366079282148162,0.7280861811115356,-0.6085217471032807,-0.6321487994542291,-0.5848946947523322,multi_window,ok,
tirex,bizitobs_service,38,3176091.052853061,0.5087719298245614,0.11948134379454704,0.11991802666499307,0.0004366828704460285,0.0003693064946557887,0.0005040592462362683,,ok,
tirex,covid_deaths,218,1837.5231722360206,0.7602733180428135,0.06718602721769885,0.06692215591689463,-0.0002638713008042276,-0.00038147308569401684,-0.00014626951591443837,heavy_tail,ok,
tirex,electricity/15T,368,0.8368818270692291,0.4755151721014493,0.991357340479574,0.9873671970834913,-0.003990143396082724,-0.005289693033185331,-0.002690593758980116,nan_heavy,ok,
tirex,electricity/D,369,6.966646401106706,0.6099254742547425,1.0558860011443751,0.9578770647688115,-0.09800893637556363,-0.10184922323203445,-0.0941686495190928,nan_heavy,ok,
tirex,electricity/H,368,0.8603222266365537,0.5657835144927537,0.9885309359232898,0.9930461985843699,0.004515262661080155,0.003410505260446711,0.005620020061713599,nan_heavy,ok,
tirex,electricity/W,337,3.497801903199048,0.4599097428288823,0.9408521889118691,0.9229672631026838,-0.017884925809185215,-0.023113902177801203,-0.012655949440569227,nan_heavy,ok,
tirex,ett1/15T,140,2.377945074484635,0.4064732142857143,1.0146991848673235,0.9098463261150902,-0.10485285875223327,-0.1177041351277503,-0.09200158237671624,multi_window,ok,
tirex,ett1/D,42,5.6602488153993535,0.47842261904761907,0.7626491861185339,0.6661385230579672,-0.09651066306056677,-0.1079029237920326,-0.08511840232910094,multi_window,ok,
tirex,ett1/H,140,1.0756075495002857,0.5272321428571428,0.9452830376509334,0.9098619666524994,-0.035421070998433946,-0.044592701677822255,-0.026249440319045636,multi_window,ok,
tirex,ett2/15T,140,1.585560770284028,0.4552083333333333,1.0223703335957581,0.9887263069530213,-0.0336440266427368,-0.036586138589571944,-0.03070191469590166,multi_window,ok,
tirex,ett2/D,42,23.932640375611765,0.5796130952380952,0.6472799347627661,0.6579651555688001,0.010685220806033957,-0.003953096452545563,0.025323538064613477,multi_window,ok,
tirex,ett2/H,140,1.4888133384490485,0.4859375,0.9813517952682579,0.9877064007997927,0.006354605531534774,0.0021942757867306605,0.010514935276338887,multi_window,ok,
tirex,hierarchical_sales/D,118,2.117734846678773,0.4634533898305085,0.35227061374287494,0.3450239939977998,-0.007246619745075122,-0.008270240708236409,-0.006222998781913835,,ok,
tirex,hierarchical_sales/W,118,1.0907379344356696,0.522069209039548,0.81899891803813,0.7605273680220855,-0.05847155001604443,-0.06347519940442972,-0.053467900627659125,,ok,
tirex,jena_weather,401,84073.42137733757,0.5390689941812137,0.769885292732493,0.7672883745241226,-0.00259691820837038,-0.003826142295472579,-0.001367694121268181,multi_window,ok,
tirex,jena_weather/10T,401,84073.42137733757,0.5390689941812137,0.769885292732493,0.7672883745241226,-0.00259691820837038,-0.003826142295472579,-0.001367694121268181,multi_window,ok,
tirex,jena_weather/D,42,10.546954043281806,0.613343253968254,0.9969522981856067,0.9966051833081233,-0.000347114877483401,-0.0021338703469556135,0.0014396405919888115,multi_window,ok,
tirex,jena_weather/H,411,4.215583615013622,0.47784874290348744,1.0013954353427206,0.9995955263283942,-0.0017999090143263619,-0.0020798569867220007,-0.001519961041930723,multi_window,ok,
tirex,kdd_cup_2018_with_missing/D,256,3.1740253240208722,0.3537190755208333,0.4085398096163241,0.3860295854109434,-0.02251022420538068,-0.02366826990255748,-0.02135217850820388,,ok,
tirex,kdd_cup_2018_with_missing/H,252,8.84271413353587,0.384713955026455,0.3606898568382327,0.35022003215162584,-0.010469824686606843,-0.011504773715237603,-0.009434875657976084,nan_heavy,ok,
tirex,m4_daily,4013,303451.23189230496,0.46223212060802393,0.043537944656900945,0.04449305165510097,0.0009551069982000268,0.0009506783124754704,0.0009595356839245833,,ok,
tirex,m4_hourly,414,0.2723839733032357,0.593347423510467,0.977094646185331,0.982942076364737,0.005847430179405921,0.004605883697349338,0.007088976661462505,,ok,
tirex,m4_monthly,28944,24.17095707471615,0.5276770084761379,0.9740171380759942,0.9564093440571055,-0.01760779401888868,-0.01803655504524758,-0.017179032992529777,,ok,
tirex,m4_quarterly,960,35.04839651343878,0.7071940104166666,1.0912034393805015,0.9858032541388964,-0.1054001852416051,-0.10637143312959664,-0.10442893735361357,,ok,
tirex,m4_weekly,294,11.560973745062054,0.6093395691609977,0.9725908640339452,0.9894971692511566,0.01690630521721137,0.01318919566993273,0.020623414764490013,,ok,
tirex,m4_yearly,61,6.564036045161227,0.5676229508196722,0.9868155199524801,0.9790687895779635,-0.007746730374516564,-0.014795885932890065,-0.0006975748161430631,,ok,
tirex,restaurant,795,1.3207911104229557,0.4875262054507338,0.6310928704996039,0.6054346596374061,-0.025658210862197883,-0.026855036782874205,-0.02446138494152156,nan_heavy,ok,
tirex,saugeenday/D,20,17.45188476235814,0.38177083333333334,0.1874051864442557,0.19928270658591538,0.011877520141659687,0.01006227267826516,0.013692767605054213,multi_window,ok,
tirex,saugeenday/M,7,0.6405621210823774,0.5029761904761905,0.616657748996806,0.5900428544398565,-0.026614894556949542,-0.031194678687430064,-0.02203511042646902,multi_window,ok,
tirex,saugeenday/W,20,1.4626861668367548,0.378125,0.2552389542992267,0.2590217970869343,0.0037828427877075743,0.002358491743460483,0.0052071938319546655,multi_window,ok,
tirex,solar/10T,135,12261.767331451898,0.4786265432098765,0.02855584685645069,0.028448837437270537,-0.00010700941918015405,-0.00011738138133506977,-9.663745702523834e-05,,ok,
tirex,solar/D,137,3.840453263898571,0.26094890510948904,0.26034703986262353,0.259093410011709,-0.0012536298509145394,-0.0016012549949980842,-0.0009060047068309945,,ok,
tirex,solar/H,137,0.6760722121104922,0.5574057177615572,1.1829969647236982,1.1520110325434127,-0.030985932180285447,-0.03218194853890733,-0.029789915821663564,,ok,
tirex,temperature_rain_with_missing,31846,17.112377686222256,0.5498931053612175,0.4143722858976114,0.40667862347202766,-0.007693662425583725,-0.007765128820821942,-0.007622196030345508,,ok,
tirex,us_births/D,20,0.41394351494100656,0.46458333333333335,0.9518595633930619,0.9195841773372997,-0.03227538605576219,-0.04911964067990181,-0.015431131431622572,multi_window,ok,
tirex,us_births/W,9,0.589013274988796,0.5729166666666666,0.9343748938783443,0.97898974328431,0.04461484940596572,0.03398134382056381,0.055248354991367626,multi_window,ok,
patchtst,LOOP_SEATTLE/5T,323,3.065009117126465,0.48539086687306504,0.7377132177352905,0.6246647477149964,-0.11304847002029417,-0.11724222530291128,-0.10885471473767705,task_model_arm,ok,
patchtst,LOOP_SEATTLE/H,323,5.595051288604736,0.5586945304437565,0.5164669752120972,0.49035349637269976,-0.026113478839397408,-0.027293275728023387,-0.02493368195077143,task_model_arm,ok,
patchtst,M_DENSE/H,30,0.3797227144241333,0.4979166666666667,0.8082332015037537,0.7644642353057861,-0.04376896619796755,-0.0472470337574393,-0.0402908986384958,task_model_arm,ok,
patchtst,bizitobs_l2c/5T,110,6.851409435272217,0.6477272727272727,1.000079870223999,0.994364657998085,-0.005715212225913979,-0.008454206037981997,-0.002976218413845962,task_model_arm,ok,
patchtst,bizitobs_l2c/H,35,1.32132887840271,0.5083333333333333,0.6597775816917419,0.668288379907608,0.008510798215866089,-0.0021376182275577166,0.019159214659289894,task_model_arm,ok,
patchtst,ett1/15T,140,1.618460774421692,0.5850446428571429,0.8517640829086304,0.9285313248634338,0.07676724195480344,0.06816541805187086,0.08536906585773603,task_model_arm,ok,
patchtst,ett1/H,140,1.0103260278701782,0.573139880952381,0.9225156903266907,0.9020052075386047,-0.020510482788085982,-0.028610245073966013,-0.012410720502205952,task_model_arm,ok,
patchtst,ett2/15T,140,1.367065191268921,0.48988095238095236,0.9697868824005127,0.9485544413328171,-0.021232441067695618,-0.026191448158482584,-0.01627343397690865,task_model_arm,ok,
patchtst,ett2/H,140,1.4494762420654297,0.5049107142857143,0.9690030217170715,0.9474980801343917,-0.021504941582679793,-0.027585713876821634,-0.01542416928853795,task_model_arm,ok,
patchtst,hierarchical_sales/D,118,1.9679442644119263,0.4952330508474576,0.31245729327201843,0.2985162869095802,-0.013941006362438224,-0.01469592636354908,-0.013186086361327369,task_model_arm,ok,
patchtst,jena_weather/10T,401,83932.5390625,0.5668640897755611,1.2435033321380615,0.9079135179519653,-0.33558981418609624,-0.33707258335280726,-0.3341070450193852,task_model_arm,ok,
patchtst,jena_weather/H,369,4.380928993225098,0.4910512646793135,0.885215163230896,0.8069398373365402,-0.07827532589435582,-0.08381677710698564,-0.072733874681726,task_model_arm,ok,
patchtst,solar/10T,135,11917.900390625,0.3381172839506173,1.1991721391677856,0.8917679399251938,-0.3074041992425919,-0.3168929288842199,-0.2979154696009639,task_model_arm,ok,
patchtst,solar/H,137,0.47244909405708313,0.5646289537712895,0.8719426989555359,0.8646227717399597,-0.007319927215576172,-0.0076106493418757176,-0.007029205089276626,task_model_arm,ok,
patchtst,SZ_TAXI/15T,156,8.557035446166992,0.4828392094017094,1.1178604364395142,0.779660701751709,-0.3381997346878052,-0.3429180857736117,-0.33348138360199864,task_model_arm,ok,
